name,datetime,tempmax,tempmin,temp,feelslikemax,feelslikemin,feelslike,dew,humidity,precip,precipprob,precipcover,preciptype,snow,snowdepth,windgust,windspeed,winddir,sealevelpressure,cloudcover,visibility,solarradiation,solarenergy,uvindex,severerisk,sunrise,sunset,moonphase,conditions,description,icon,stations
luhansk,2022-02-25,7.3,1.2,3.5,4.4,-3.2,0,1.8,88.6,1.7,100,20.83,"rain,snow",0,0,43.6,22.3,86.6,1018.4,99.1,17.7,78.1,6.9,3,10,2022-02-25T06:12:38,2022-02-25T17:00:00,0.84,"Snow, Rain, Overcast",Cloudy skies throughout the day with rain or snow clearing later.,rain,"remote,34535099999"
luhansk,2022-02-26,3.5,0.6,2.4,1.3,-3.2,-0.5,1.4,93.1,4.6,100,54.17,"rain,snow",0.1,0,34.9,14.4,356.6,1016,99.8,12.7,37.9,3.2,2,10,2022-02-26T06:10:43,2022-02-26T17:01:35,0.89,"Snow, Rain, Overcast",Cloudy skies throughout the day with rain or snow.,snow,"remote,34535099999"
luhansk,2022-02-27,4.3,-0.2,1.7,0.7,-4.7,-2.3,-1.3,81.7,0.2,100,8.33,snow,0.4,0.5,39.2,18,322,1022.9,91.9,16.2,60.4,5.2,3,10,2022-02-27T06:08:48,2022-02-27T17:03:10,0.94,"Snow, Overcast",Cloudy skies throughout the day with early morning snow.,snow,"remote,34535099999"
luhansk,2022-02-28,2.8,-0.8,1,2.1,-4.2,-1.5,-2.3,78.7,0,0,0,,0,0,24.1,11.5,357.8,1025.5,98.6,22,90.2,7.9,3,10,2022-02-28T06:06:52,2022-02-28T17:04:44,0.97,Overcast,Cloudy skies throughout the day.,cloudy,"remote,34535099999"
luhansk,2022-03-01,3.9,0.3,2,0.4,-3.4,-1.4,-0.2,85.9,0.2,100,8.33,rain,0,0,39.2,18,78,1025,98,18,58.6,4.1,2,10,2022-03-01T06:04:55,2022-03-01T17:06:19,1,"Rain, Overcast",Cloudy skies throughout the day with afternoon rain.,rain,"remote,34535099999"
luhansk,2022-03-02,4.1,1.4,2.4,0.6,-2.6,-1,0.7,88.9,1.7,100,33.33,"rain,snow",0.2,0.2,35.3,18,107.1,1021.6,99.7,7.6,23.4,1.6,1,10,2022-03-02T06:02:57,2022-03-02T17:07:53,1,"Snow, Rain, Overcast",Cloudy skies throughout the day with rain or snow.,snow,"remote,34535099999"
luhansk,2022-03-03,5.1,0.5,2.1,3.4,-2.7,-0.8,1.5,95.7,11.4,100,83.33,"rain,snow",2.3,0.9,35.6,18,65.7,1006.9,99.9,1.1,8.2,0.5,0,10,2022-03-03T06:00:59,2022-03-03T17:09:27,0,"Snow, Rain, Overcast",Cloudy skies throughout the day with a chance of rain or snow throughout the day.,snow,"remote,34535099999"
luhansk,2022-03-04,3.9,1.2,2.2,1.7,-3.4,-1.4,0,85.7,0.7,100,20.83,"rain,snow",0,0.7,50.4,22.3,269.9,1000.6,100,14.1,41.3,3,1,10,2022-03-04T05:58:59,2022-03-04T17:11:00,0.02,"Snow, Rain, Overcast",Cloudy skies throughout the day with a chance of rain or snow throughout the day.,rain,"remote,34535099999"
luhansk,2022-03-05,2.1,-2.1,0.4,-2.4,-6.6,-4.3,-1.6,86.9,5.1,100,54.17,"rain,snow",1.8,1,46.8,21.6,291.1,1006.9,98.6,12.7,67,4.7,2,10,2022-03-05T05:57:00,2022-03-05T17:12:33,0.04,"Snow, Rain, Overcast",Cloudy skies throughout the day with a chance of rain or snow throughout the day.,snow,"remote,34535099999"
luhansk,2022-03-06,1.5,-5.1,-1.4,-1.2,-8.1,-4.6,-6.4,70,0,0,0,snow,0,1.2,36,14.4,316.8,1018.6,26.1,20.7,180.9,12.8,5,10,2022-03-06T05:54:59,2022-03-06T17:14:06,0.08,Partially cloudy,Partly cloudy throughout the day.,partly-cloudy-day,"remote,34535099999"
luhansk,2022-03-07,1,-6.8,-1.5,-0.3,-6.8,-3.4,-6.6,69.5,0,0,0,snow,0,0.8,24.1,11.9,250.3,1015.7,66.5,22,173.1,13.7,5,10,2022-03-07T05:52:59,2022-03-07T17:15:39,0.12,Partially cloudy,Partly cloudy throughout the day.,partly-cloudy-day,"remote,34535099999"
luhansk,2022-03-08,1.9,-3.1,-1.1,1.9,-4.1,-1.4,-3.7,82.9,0.4,100,16.67,snow,0.7,0.7,10.8,7.2,139.4,1011.9,99,10.7,111.8,9.6,4,10,2022-03-08T05:50:57,2022-03-08T17:17:11,0.16,"Snow, Overcast",Cloudy skies throughout the day with snow.,snow,"remote,34535099999"
luhansk,2022-03-09,0.9,-3.9,-1.6,-1.3,-8.4,-4.3,-5.2,77.3,1.4,100,16.67,"rain,snow",0.2,0.7,33.1,16.6,26.5,1013.8,90.8,16.9,159,13.7,5,10,2022-03-09T05:48:55,2022-03-09T17:18:44,0.21,"Snow, Rain, Overcast",Cloudy skies throughout the day with afternoon rain or snow.,snow,"remote,34535099999"
luhansk,2022-03-10,-3.4,-8.9,-5.5,-6.5,-12.6,-10.3,-9,76.9,0.6,100,25,snow,0.3,0.8,31,15.1,352.9,1018.8,88,18.2,133.5,11.5,4,10,2022-03-10T05:46:53,2022-03-10T17:20:16,0.25,"Snow, Partially cloudy",Partly cloudy throughout the day with a chance of snow throughout the day.,snow,"remote,34535099999"
luhansk,2022-03-11,-2.5,-8.9,-5.4,-6.9,-15.2,-10.6,-9.3,74.5,0,0,0,,0,0.7,40,20.5,36.3,1022.2,83,19.7,169.3,14.5,5,10,2022-03-11T05:44:50,2022-03-11T17:21:47,0.3,Partially cloudy,Partly cloudy throughout the day.,partly-cloudy-day,"remote,34535099999"
luhansk,2022-03-12,-0.8,-10.8,-6.1,-3.4,-15.8,-9.8,-12.8,60.4,0,0,0,,0,0.7,29.9,13.7,4.4,1024.9,10.7,22.7,203.4,17.6,6,10,2022-03-12T05:42:47,2022-03-12T17:23:19,0.35,Clear,Clear conditions throughout the day.,clear-day,"remote,34535099999"
luhansk,2022-03-13,-0.3,-10.1,-4.8,-0.3,-10.1,-6.1,-11.8,59.7,0,0,0,,0,1.6,21.2,10.4,12.3,1027.9,57.8,22.7,178.5,15.4,5,10,2022-03-13T05:40:44,2022-03-13T17:24:50,0.39,Partially cloudy,Partly cloudy throughout the day.,partly-cloudy-day,"remote,34535099999"
luhansk,2022-03-14,2.8,-10.3,-1.9,-1.3,-10.3,-4.6,-7.9,65.4,0,0,0,snow,0,2.6,35.6,18,284.2,1030.2,47.2,20.3,193.4,16.7,6,10,2022-03-14T05:38:40,2022-03-14T17:26:21,0.43,Partially cloudy,Partly cloudy throughout the day.,partly-cloudy-day,"remote,34535099999"
luhansk,2022-03-15,2.2,-3.6,-0.5,-0.9,-7.2,-4.2,-4.4,75.7,1.2,100,25,"rain,snow",1,0.6,39.6,19.8,351.6,1027.1,77.4,13.3,137,11.8,4,10,2022-03-15T05:36:36,2022-03-15T17:27:52,0.46,"Snow, Rain, Partially cloudy",Partly cloudy throughout the day with a chance of rain or snow throughout the day.,snow,"remote,34535099999"
luhansk,2022-03-16,-1.3,-7.9,-4.6,-6.6,-12.5,-9.7,-11.5,60.4,0,0,0,,0.1,0.1,39.6,19.8,1.9,1029.4,43.9,22.7,211.7,18.2,6,10,2022-03-16T05:34:31,2022-03-16T17:29:22,0.48,Partially cloudy,Partly cloudy throughout the day.,snow,"remote,34535099999"
luhansk,2022-03-17,-4.1,-9.3,-6.3,-10,-14.7,-12.2,-10.5,72.5,1,100,29.17,snow,1.3,0.3,38.9,20.2,21.4,1030.8,75.7,14.9,125.3,10.7,4,10,2022-03-17T05:32:27,2022-03-17T17:30:53,0.5,"Snow, Partially cloudy",Partly cloudy throughout the day with snow.,snow,"remote,34535099999"
luhansk,2022-03-18,-1.9,-10.3,-5.1,-3.9,-13.9,-9.5,-9.8,70.2,0.1,100,4.17,snow,0,0.5,32.8,16.2,54.1,1039.4,72.7,20.6,199,17,6,10,2022-03-18T05:30:22,2022-03-18T17:32:23,0.5,"Snow, Partially cloudy",Partly cloudy throughout the day with morning snow.,snow,"remote,34535099999"
luhansk,2022-03-19,3.7,-10.3,-2.8,-0.4,-10.3,-5.7,-12.6,50.4,0,0,0,,0,0,36,18,48.4,1041.1,11.3,22.7,225.3,19.5,6,10,2022-03-19T05:28:17,2022-03-19T17:33:53,0.51,Clear,Clear conditions throughout the day.,clear-day,"remote,34535099999"
luhansk,2022-03-20,5.9,-5.8,-0.3,2.9,-8.6,-2.8,-11.3,45.8,0,0,0,,0,0,28.4,14.4,1.3,1037.8,14.9,22.7,224.6,19.4,6,10,2022-03-20T05:26:12,2022-03-20T17:35:23,0.53,Clear,Clear conditions throughout the day.,clear-day,"remote,34535099999"
luhansk,2022-03-21,11.7,-3,3.2,11.7,-6.4,1.4,-3.9,61.6,0,0,0,rain,0,0,39.6,18,328.6,1030.1,13.4,22.5,176.6,15.4,6,10,2022-03-21T05:24:07,2022-03-21T17:36:53,0.56,Clear,Clear conditions throughout the day.,clear-day,"remote,34535099999"
luhansk,2022-03-22,8.9,-2.9,3.1,6.6,-3.8,0.8,-6.1,55.5,0,0,0,,0,0,39.6,18,69.1,1034.2,7.7,22.7,217.5,18.8,7,10,2022-03-22T05:22:02,2022-03-22T17:38:23,0.61,Clear,Clear conditions throughout the day.,clear-day,"remote,34535099999"
luhansk,2022-03-23,11.1,-7.6,2.5,11.1,-7.6,2.5,-7.8,52.3,0,0,0,,0,0,9.4,7.2,137.5,1030.7,1.3,22.7,222.3,19.2,7,10,2022-03-23T05:19:57,2022-03-23T17:39:52,0.66,Clear,Clear conditions throughout the day.,clear-day,"remote,34535099999"
luhansk,2022-03-24,10.7,-5.8,3.1,10.7,-5.8,2.2,-8.2,47.1,0,0,0,,0,0,25.6,14.4,131.6,1021.6,0.4,22.7,227.5,19.9,7,10,2022-03-24T05:17:51,2022-03-24T17:41:21,0.71,Clear,Clear conditions throughout the day.,clear-day,"remote,34535099999"
luhansk,2022-03-25,12.2,-6.8,3.7,12.2,-6.8,3.4,-7.2,47.8,0,0,0,,0,0,25.9,14.4,73.2,1019.9,6.4,22.7,227.3,19.8,7,10,2022-03-25T05:15:46,2022-03-25T17:42:51,0.77,Clear,Clear conditions throughout the day.,clear-day,"remote,34535099999"
luhansk,2022-03-26,14.6,-5.3,5.9,14.6,-5.3,4.9,-5,51,0,0,0,,0,0,64.8,24.5,236.8,1015.7,27,22.3,227.7,19.7,7,10,2022-03-26T05:13:41,2022-03-26T17:44:20,0.83,Partially cloudy,Becoming cloudy in the afternoon.,partly-cloudy-day,"remote,34535099999"
luhansk,2022-03-27,6.6,-0.5,3.3,2.2,-6.5,-1.3,-2.5,66.5,6.2,100,54.17,"rain,snow",0.3,0.1,68.4,28.8,279.1,1008.2,94.8,18.1,160.5,13.2,6,10,2022-03-27T06:11:36,2022-03-27T18:45:49,0.88,"Snow, Rain, Overcast",Cloudy skies throughout the day with a chance of rain or snow throughout the day.,snow,"remote,34535099999"
luhansk,2022-03-28,6.2,-4.1,0.9,2.4,-9.4,-4,-9.4,48.2,0.2,100,4.17,snow,0.1,0.1,50.4,25.2,272.8,1020.4,30.6,22.7,232,20,8,10,2022-03-28T06:09:31,2022-03-28T18:47:18,0.92,"Snow, Partially cloudy",Partly cloudy throughout the day with early morning snow.,snow,"remote,34535099999"
luhansk,2022-03-29,14.4,2,7.5,14.4,-3.3,4.4,-2.6,49.9,0,0,0,,0,0,79.2,43.2,223.7,1011.8,34.8,22.7,229.5,20,7,10,2022-03-29T06:07:26,2022-03-29T18:48:47,0.96,Partially cloudy,Becoming cloudy in the afternoon.,partly-cloudy-day,"remote,34535099999"
luhansk,2022-03-30,17.7,4,10.6,17.7,2,9.6,3,61.9,0,0,0,rain,0,0,46.8,25.2,213.1,1008.7,81.9,20.4,203.2,17.7,7,10,2022-03-30T06:05:21,2022-03-30T18:50:16,0.99,Partially cloudy,Partly cloudy throughout the day.,partly-cloudy-day,"remote,34535099999"
luhansk,2022-03-31,18.2,5.8,11.7,18.2,4.1,11.1,3.3,59,0,0,0,,0,0,57.6,28.8,211,1011.6,82.2,22.7,133,11.5,4,10,2022-03-31T06:03:17,2022-03-31T18:51:45,1,Partially cloudy,Partly cloudy throughout the day.,partly-cloudy-day,"remote,34535099999"
luhansk,2022-04-01,22.2,10,14.8,22.2,8,14.7,2.8,46.3,0.4,100,8.33,rain,0,0,65.9,34.2,192,1007.9,91.8,23.2,157,13.6,6,10,2022-04-01T06:01:13,2022-04-01T18:53:13,0,"Rain, Overcast",Cloudy skies throughout the day with early morning rain.,rain,"remote,34535099999"
luhansk,2022-04-02,25.1,11,16.2,25.1,11,16.2,4.3,47.6,0,0,0,,0,0,62.3,32,191.6,1001.1,76.8,23.1,195.2,16.9,7,10,2022-04-02T05:59:09,2022-04-02T18:54:42,0.01,Partially cloudy,Partly cloudy throughout the day.,partly-cloudy-day,"remote,34535099999"
luhansk,2022-04-03,17,8.7,12.2,17,6,11.3,6.6,69.8,3.3,100,25,rain,0,0,60.8,25.9,223.6,1000,80,21.8,204.4,17.7,7,10,2022-04-03T05:57:05,2022-04-03T18:56:11,0.03,"Rain, Partially cloudy",Partly cloudy throughout the day with rain.,rain,"remote,34535099999"
luhansk,2022-04-04,8,3.3,5.5,4.3,0.4,2.1,-0.5,65.7,0.4,100,16.67,"rain,snow",0,0,51.1,24.8,265.8,1009.5,89.2,22.3,130.8,11.1,5,10,2022-04-04T05:55:02,2022-04-04T18:57:39,0.05,"Snow, Rain, Partially cloudy",Partly cloudy throughout the day with a chance of rain or snow throughout the day.,rain,remote
luhansk,2022-04-05,9.6,2,5.6,7,-1.6,3.1,-3.6,54,0,0,0,,0,0,38.9,18.7,219.6,1014.1,86.8,23.9,252,21.6,8,10,2022-04-05T05:52:59,2022-04-05T18:59:08,0.09,Partially cloudy,Partly cloudy throughout the day.,partly-cloudy-day,"remote,34535099999"
luhansk,2022-04-06,12.9,1.9,7.1,12.9,-1.5,5.2,-0.3,60.3,0,0,0,rain,0,0,50.4,25.2,227,1012.6,52,23.8,164.5,14.2,5,10,2022-04-06T05:50:56,2022-04-06T19:00:37,0.12,Partially cloudy,Partly cloudy throughout the day.,partly-cloudy-day,remote
luhansk,2022-04-07,18.3,1.6,11,18.3,1.6,10.4,2.2,58.3,0,0,0,,0,0,35.6,17.6,176.6,1013.8,17.9,23.8,251.3,21.7,8,10,2022-04-07T05:48:54,2022-04-07T19:02:05,0.17,Clear,Clear conditions throughout the day.,clear-day,"remote,34535099999"
luhansk,2022-04-08,18.1,6.7,12.2,18.1,4.1,11.4,2.6,55.3,0.2,100,4.17,rain,0,0,49,24.8,132.2,1002.9,49.5,23.8,245.1,21,8,10,2022-04-08T05:46:52,2022-04-08T19:03:34,0.21,"Rain, Partially cloudy",Partly cloudy throughout the day with late afternoon rain.,rain,remote
luhansk,2022-04-09,18.4,9.7,12.8,18.4,7.5,12.4,6.1,68.1,2.3,100,20.83,rain,0,0,31.3,15.8,258.8,1007,83,23.6,240.8,20.8,8,10,2022-04-09T05:44:51,2022-04-09T19:05:02,0.26,"Rain, Partially cloudy",Partly cloudy throughout the day with early morning rain.,rain,remote
luhansk,2022-04-10,21.5,7.6,14.7,21.5,6.6,14.4,6,59.3,0,0,0,,0,0,38.2,18.7,169.5,1009.8,83.9,24.1,246.8,21.2,8,10,2022-04-10T05:42:51,2022-04-10T19:06:31,0.31,Partially cloudy,Partly cloudy throughout the day.,partly-cloudy-day,remote
luhansk,2022-04-11,23.7,9.7,16.8,23.7,8.1,16.8,5.2,47.4,0,0,0,,0,0,41.4,20.9,125.8,1006,83.9,23.8,230,19.9,7,10,2022-04-11T05:40:51,2022-04-11T19:07:59,0.35,Partially cloudy,Partly cloudy throughout the day.,partly-cloudy-day,"remote,34535099999"
luhansk,2022-04-12,18.3,7.7,13.2,18.3,5.1,12.9,7.3,68.4,4.6,100,20.83,rain,0,0,36,18,155.8,1002.1,98.7,21.1,118.4,10.2,6,10,2022-04-12T05:38:51,2022-04-12T19:09:28,0.4,"Rain, Overcast",Cloudy skies throughout the day with late afternoon rain.,rain,remote
luhansk,2022-04-13,7.6,4.9,6.5,4.7,1.9,3.7,3.7,82.6,10.5,100,37.5,rain,0,0,47.2,21.2,225.5,1002.8,98.1,14.9,34.3,3,2,10,2022-04-13T05:36:52,2022-04-13T19:10:56,0.44,"Rain, Overcast",Cloudy skies throughout the day with rain clearing later.,rain,remote
luhansk,2022-04-14,10.5,4.4,7.5,10.5,2.6,6.4,4.8,83.1,0.5,100,16.67,rain,0,0,20.9,10.8,269.8,1010.5,95.1,24.1,24.5,2.1,1,10,2022-04-14T05:34:54,2022-04-14T19:12:24,0.47,"Rain, Overcast",Cloudy skies throughout the day with rain.,rain,remote
luhansk,2022-04-15,16.4,7.1,11,16.4,5.8,10.6,6.3,74.9,0,0,0,rain,0,0,30.2,14.8,290.2,1018.3,64.5,24.1,217.4,18.8,8,10,2022-04-15T05:32:56,2022-04-15T19:13:53,0.49,Partially cloudy,Partly cloudy throughout the day.,partly-cloudy-day,remote
luhansk,2022-04-16,15.6,7.3,10.9,15.6,6.2,10.4,6.6,76,0,0,0,rain,0,0,47.2,20.9,208,1017.6,71.1,24.1,184.6,16,8,10,2022-04-16T05:30:59,2022-04-16T19:15:21,0.5,Partially cloudy,Partly cloudy throughout the day.,partly-cloudy-day,remote
luhansk,2022-04-17,17.5,6.8,11.9,17.5,5.8,11.5,6.9,72.7,0,0,0,,0,0,23.4,11.5,202.4,1015,96.1,24.1,222.6,19.2,7,10,2022-04-17T05:29:03,2022-04-17T19:16:50,0.51,Overcast,Cloudy skies throughout the day.,cloudy,remote
luhansk,2022-04-18,16.8,8.2,12.8,16.8,8.2,12.8,7.6,71.8,0.2,100,4.17,rain,0,0,38.2,20.5,110.1,1009,86.4,23.9,173.7,15.1,7,10,2022-04-18T05:27:08,2022-04-18T19:18:18,0.52,"Rain, Partially cloudy",Partly cloudy throughout the day with morning rain.,rain,remote
luhansk,2022-04-19,20.8,11.1,15.1,20.8,11.1,15.1,10,72.4,0.2,100,4.17,rain,0,0,60.5,20.5,149.6,1006.4,80.8,22.8,209.6,18.2,8,10,2022-04-19T05:25:14,2022-04-19T19:19:46,0.55,"Rain, Partially cloudy",Partly cloudy throughout the day with afternoon rain.,rain,remote
luhansk,2022-04-20,13.4,6.7,10.9,13.4,4,10.6,7.5,80.4,3.7,100,41.67,rain,0,0,33.5,17.6,235.1,1011,84.4,20.1,64.9,5.4,5,10,2022-04-20T05:23:20,2022-04-20T19:21:14,0.59,"Rain, Partially cloudy",Partly cloudy throughout the day with a chance of rain throughout the day.,rain,remote
luhansk,2022-04-21,14.5,3.1,9.2,14.5,2.5,8.6,2.6,65.7,0,0,0,rain,0,0,27.4,13,163,1017.1,64,23.5,261.3,22.5,8,10,2022-04-21T05:21:27,2022-04-21T19:22:42,0.64,Partially cloudy,Partly cloudy throughout the day.,partly-cloudy-day,remote
luhansk,2022-04-22,13.3,7.5,10.1,13.3,5.2,9.4,5.7,75.1,2.5,100,16.67,rain,0,0,31.3,16.6,19.8,1016.7,75.1,22.5,178.3,15.5,6,10,2022-04-22T05:19:36,2022-04-22T19:24:11,0.7,"Rain, Partially cloudy",Partly cloudy throughout the day with rain.,rain,remote
luhansk,2022-04-23,16.8,3.6,10.9,16.8,3.6,10.9,4.7,68.5,0,0,0,,0,0,16.6,7.9,149.4,1017.5,61.5,24.1,270.9,23.5,8,10,2022-04-23T05:17:45,2022-04-23T19:25:38,0.75,Partially cloudy,Partly cloudy throughout the day.,partly-cloudy-day,remote
luhansk,2022-04-24,19.5,8.6,13.8,19.5,8,13.7,7,64.6,0.1,100,4.17,rain,0,0,43.2,21.6,131.4,1012.5,71.6,24,224.4,19.4,8,10,2022-04-24T05:15:55,2022-04-24T19:27:06,0.81,"Rain, Partially cloudy",Partly cloudy throughout the day with morning rain.,rain,remote
luhansk,2022-04-25,21.6,8.9,15.3,21.6,8.9,15.3,9.1,70,0,0,0,,0,0,20.5,10.1,241.1,1012.1,24.3,24.1,287.3,25,8,10,2022-04-25T05:14:06,2022-04-25T19:28:34,0.86,Partially cloudy,Partly cloudy throughout the day.,partly-cloudy-day,remote
luhansk,2022-04-26,24.2,8,16.9,24.2,8,16.9,9.9,66.7,0,0,0,,0,0,33.8,10.4,201.5,1010.2,53.3,24.1,272.4,23.8,8,10,2022-04-26T05:12:19,2022-04-26T19:30:02,0.91,Partially cloudy,Partly cloudy throughout the day.,partly-cloudy-day,remote
luhansk,2022-04-27,22.1,11.4,16.8,22.1,11.4,16.8,8.3,59.8,0,0,0,,0,0,35.6,16.6,296,1013.7,41.7,24.1,290.9,25.2,8,10,2022-04-27T05:10:32,2022-04-27T19:31:29,0.95,Partially cloudy,Partly cloudy throughout the day.,partly-cloudy-day,remote
luhansk,2022-04-28,19.1,9.8,14.5,19.1,9.8,14.5,4.4,53,0,0,0,,0,0,24.8,11.9,24.2,1020.3,41.3,23.9,261,22.5,9,10,2022-04-28T05:08:47,2022-04-28T19:32:56,0.98,Partially cloudy,Partly cloudy throughout the day.,partly-cloudy-day,"remote,34535099999"
luhansk,2022-04-29,19.6,7.5,14.1,19.6,7.5,14.1,3.5,51,0,0,0,,0,0,18.7,8.6,58.6,1022.1,52.9,24.1,189,16.4,8,10,2022-04-29T05:07:02,2022-04-29T19:34:23,1,Partially cloudy,Partly cloudy throughout the day.,partly-cloudy-day,remote
luhansk,2022-04-30,15.4,8.7,11.9,15.4,7.5,11.5,2.5,53.4,1.2,100,12.5,rain,0,0,38.9,20.2,24.1,1020.9,81,23.9,232.3,20.1,7,10,2022-04-30T05:05:19,2022-04-30T19:35:50,1,"Rain, Partially cloudy",Partly cloudy throughout the day with early morning rain.,rain,"remote,34535099999"
luhansk,2022-05-01,16,5.9,11.2,16,5.3,10.9,-0.5,47.1,0,0,0,,0,0,35.3,16.9,44.9,1021.6,26.6,23.9,261,22.6,9,10,2022-05-01T05:03:38,2022-05-01T19:37:17,0,Partially cloudy,Partly cloudy throughout the day.,partly-cloudy-day,"remote,34535099999"
luhansk,2022-05-02,16,4.7,10.6,16,4.7,10.6,-2.4,41.9,0,0,0,,0,0,22,10.4,48.9,1021.1,21.9,24.1,302.1,26.1,9,10,2022-05-02T05:01:57,2022-05-02T19:38:43,0.01,Partially cloudy,Partly cloudy throughout the day.,partly-cloudy-day,remote
luhansk,2022-05-03,16.5,3.6,10.3,16.5,3.1,10.2,1.3,58,0,0,0,,0,0,19.4,9,144.1,1018.1,30.6,24.1,315.2,27.2,9,10,2022-05-03T05:00:18,2022-05-03T19:40:09,0.03,Partially cloudy,Partly cloudy throughout the day.,partly-cloudy-day,remote
luhansk,2022-05-04,17.3,1.5,10.8,17.3,1.5,10.8,2.5,60.7,0,0,0,,0,0,19.8,8.3,187.3,1014.5,56.1,24.1,288.2,24.8,8,10,2022-05-04T04:58:41,2022-05-04T19:41:35,0.06,Partially cloudy,Partly cloudy throughout the day.,partly-cloudy-day,remote
luhansk,2022-05-05,17,5.8,11.2,17,5.8,10.9,1,54.4,0,0,0,rain,0,0,45,22.3,35.7,1018.4,86,24.1,46.8,4,1,10,2022-05-05T04:57:05,2022-05-05T19:43:00,0.09,Partially cloudy,Partly cloudy throughout the day.,partly-cloudy-day,remote
luhansk,2022-05-06,15.7,5.3,10.5,15.7,3.3,9.6,-4.2,37.2,0,0,0,,0,0,40,19.4,66.6,1027.2,44.9,24.1,277.6,23.9,8,10,2022-05-06T04:55:30,2022-05-06T19:44:25,0.13,Partially cloudy,Partly cloudy throughout the day.,partly-cloudy-day,remote
luhansk,2022-05-07,17,3.2,10.5,17,2.9,10.3,-4.7,36.6,0,0,0,,0,0,39.2,19.1,76.5,1027.1,24.9,24.1,316,27.3,9,10,2022-05-07T04:53:57,2022-05-07T19:45:50,0.18,Partially cloudy,Becoming cloudy in the afternoon.,partly-cloudy-day,remote
luhansk,2022-05-08,18.9,4.8,12.3,18.9,4.8,12.3,-2,39,0,0,0,,0,0,23.8,10.8,50.3,1024,34.8,24.1,327.7,28.3,9,10,2022-05-08T04:52:25,2022-05-08T19:47:14,0.22,Partially cloudy,Becoming cloudy in the afternoon.,partly-cloudy-day,remote
luhansk,2022-05-09,22,2.8,13.1,22,2.8,13.1,3.9,58.3,1.2,100,12.5,rain,0,0,41.4,20.2,299.6,1017.8,46.7,23.1,258.3,22.3,9,10,2022-05-09T04:50:55,2022-05-09T19:48:37,0.27,"Rain, Partially cloudy",Becoming cloudy in the afternoon with late afternoon rain.,rain,remote
luhansk,2022-05-10,13.8,5.5,9.9,13.8,4.2,9.2,-1,49.5,0,0,0,rain,0,0,43.9,21.6,309.5,1016.6,38.9,23.8,258.3,22.4,9,10,2022-05-10T04:49:27,2022-05-10T19:50:00,0.32,Partially cloudy,Partly cloudy throughout the day.,partly-cloudy-day,remote
luhansk,2022-05-11,15.1,5.3,10.5,15.1,2.5,9.4,0.2,49.7,0.6,100,16.67,rain,0,0,50.8,25.2,279.4,1014.1,75.7,24.1,164.5,14.1,6,10,2022-05-11T04:48:00,2022-05-11T19:51:23,0.37,"Rain, Partially cloudy",Partly cloudy throughout the day with rain in the morning and afternoon.,rain,remote
luhansk,2022-05-12,22.7,8,15.6,22.7,7.2,15.4,3.3,45.7,0,0,0,,0,0,43.9,22,260.4,1016.1,40.6,24.1,307.8,26.8,9,10,2022-05-12T04:46:35,2022-05-12T19:52:45,0.41,Partially cloudy,Partly cloudy throughout the day.,partly-cloudy-day,remote
luhansk,2022-05-13,24.1,13.1,18,24.1,13.1,18,6.5,48.4,1.1,100,12.5,rain,0,0,70.6,25.2,260.2,1013.4,70.3,24.1,209.3,18.2,7,10,2022-05-13T04:45:12,2022-05-13T19:54:06,0.45,"Rain, Partially cloudy",Partly cloudy throughout the day with morning rain.,rain,remote
luhansk,2022-05-14,15.7,8.5,12.2,15.7,8.5,12.2,8,76.4,6.4,100,33.33,rain,0,0,16.6,7.9,188.8,1012.5,79,21,50.6,4.4,3,10,2022-05-14T04:43:51,2022-05-14T19:55:26,0.48,"Rain, Partially cloudy",Partly cloudy throughout the day with a chance of rain throughout the day.,rain,remote
luhansk,2022-05-15,18.8,9,14.6,18.8,8.3,14.5,7.8,66.8,0.7,100,12.5,rain,0,0,43.9,21.6,279.8,1010.1,74.5,24.1,272.9,23.3,8,10,2022-05-15T04:42:31,2022-05-15T19:56:46,0.5,"Rain, Partially cloudy",Partly cloudy throughout the day with rain clearing later.,rain,remote
luhansk,2022-05-16,18.4,10.9,14.6,18.4,10.9,14.6,4.2,51.6,0,0,0,,0,0,47.5,23,284.7,1012.8,36.8,24.1,310.3,26.8,9,10,2022-05-16T04:41:14,2022-05-16T19:58:05,0.5,Partially cloudy,Partly cloudy throughout the day.,partly-cloudy-day,remote
luhansk,2022-05-17,16.9,8.8,13.3,16.9,7.9,13.2,1.8,47.2,0,0,0,,0,0,46.8,23.4,282,1012.4,56.5,23.8,264,22.8,8,10,2022-05-17T04:39:58,2022-05-17T19:59:23,0.52,Partially cloudy,Partly cloudy throughout the day.,partly-cloudy-day,"remote,34535099999"
luhansk,2022-05-18,18.9,6.8,12.8,18.9,6.8,12.8,6.3,66.6,1.4,100,29.17,rain,0,0,29.2,13,206.4,1011.8,90.3,17.3,31.2,2.8,1,10,2022-05-18T04:38:45,2022-05-18T20:00:40,0.54,"Rain, Overcast",Cloudy skies throughout the day with rain.,rain,remote
luhansk,2022-05-19,20.9,10.1,15.2,20.9,10.1,15.2,6.3,59.6,0.2,100,4.17,rain,0,0,23.4,10.4,2.8,1016.8,88.9,18.3,45.6,3.8,2,10,2022-05-19T04:37:33,2022-05-19T20:01:56,0.58,"Rain, Partially cloudy",Partly cloudy throughout the day with early morning rain.,rain,remote
luhansk,2022-05-20,20.2,7.7,14.4,20.2,7.7,14.4,3.6,51.5,0,0,0,rain,0,0,31.3,15.1,16.5,1020.8,39.9,23.4,296.9,25.7,9,10,2022-05-20T04:36:23,2022-05-20T20:03:11,0.63,Partially cloudy,Partly cloudy throughout the day.,partly-cloudy-day,remote
luhansk,2022-05-21,20.5,5.9,13.3,20.5,5.9,13.3,8.4,72.4,2.9,100,20.83,rain,0,0,45.7,21.6,207,1013.1,77.8,15,54.9,4.9,3,10,2022-05-21T04:35:16,2022-05-21T20:04:25,0.68,"Rain, Partially cloudy",Partly cloudy throughout the day with rain.,rain,"remote,34535099999"
luhansk,2022-05-22,18.2,12.9,15.5,18.2,12.9,15.5,9.1,67,0.9,100,4.17,rain,0,0,51.1,24.5,255.4,1000.2,86,23.8,162.3,14,6,10,2022-05-22T04:34:11,2022-05-22T20:05:38,0.74,"Rain, Partially cloudy",Partly cloudy throughout the day with early morning rain.,rain,remote
luhansk,2022-05-23,17.3,9.8,13.2,17.3,7.5,13.1,4.6,58.7,0.1,100,4.17,rain,0,0,37.4,17.6,332,1003.9,79.9,24.1,167.1,14.5,7,10,2022-05-23T04:33:08,2022-05-23T20:06:50,0.79,"Rain, Partially cloudy",Partly cloudy throughout the day with early morning rain.,rain,remote
luhansk,2022-05-24,19.6,3.1,12.7,19.6,3.1,12.7,2.4,54.4,0,0,0,,0,0,30.2,14,267.3,1010,30,24.1,243.4,21,9,10,2022-05-24T04:32:07,2022-05-24T20:08:00,0.85,Partially cloudy,Becoming cloudy in the afternoon.,partly-cloudy-day,remote
luhansk,2022-05-25,21.6,6.7,15,21.6,5.8,14.9,3.6,50.4,0,0,0,,0,0,31.7,15.1,272,1015,41.5,23.8,226.3,19.6,9,10,2022-05-25T04:31:08,2022-05-25T20:09:10,0.89,Partially cloudy,Becoming cloudy in the afternoon.,partly-cloudy-day,"remote,34535099999"
luhansk,2022-05-26,24,8.2,16.2,24,7.5,16,6.8,58.1,0.7,100,16.67,rain,0,0,56.2,28.1,229.2,1015.9,73.2,23.6,283.2,24.3,8,10,2022-05-26T04:30:12,2022-05-26T20:10:17,0.93,"Rain, Partially cloudy",Partly cloudy throughout the day with late afternoon rain.,rain,remote
luhansk,2022-05-27,22.7,11.6,17.5,22.7,11.6,17.5,8.7,59.5,0.1,100,4.17,rain,0,0,56.2,27.4,261.4,1012.8,55.3,24.1,249.4,21.6,9,10,2022-05-27T04:29:18,2022-05-27T20:11:24,0.96,"Rain, Partially cloudy",Partly cloudy throughout the day with afternoon rain.,rain,remote
luhansk,2022-05-28,23.7,12.4,18.7,23.7,12.4,18.7,10.5,59.8,0.1,100,4.17,rain,0,0,45,21.6,218.2,1011.3,60.1,23.7,286.7,24.9,9,10,2022-05-28T04:28:26,2022-05-28T20:12:29,0.99,"Rain, Partially cloudy",Partly cloudy throughout the day with late afternoon rain.,rain,remote
luhansk,2022-05-29,19.8,13.4,15.9,19.8,13.4,15.9,12.1,78.4,4.3,100,25,rain,0,0,23.8,10.1,61.6,1013.9,77.6,23.8,253.9,21.9,9,10,2022-05-29T04:27:37,2022-05-29T20:13:32,1,"Rain, Partially cloudy",Partly cloudy throughout the day with a chance of rain throughout the day.,rain,"remote,34535099999"
luhansk,2022-05-30,27.4,13.4,20.8,27.2,13.4,20.7,12,60,0,0,0,,0,0,24.5,11.2,72.1,1016.5,47.9,23.5,329.3,28.3,9,10,2022-05-30T04:26:50,2022-05-30T20:14:34,0,Partially cloudy,Partly cloudy throughout the day.,partly-cloudy-day,remote
luhansk,2022-05-31,31.6,17.2,23.9,30.9,17.2,23.8,14.6,58,0.3,100,12.5,rain,0,0,25.6,11.5,87.6,1014.7,76.8,22.3,318,27.4,9,75,2022-05-31T04:26:06,2022-05-31T20:15:34,0,"Rain, Partially cloudy",Partly cloudy throughout the day with rain.,rain,remote
luhansk,2022-06-01,28,18.5,23.3,27.9,18.5,23.4,15.5,62.9,0.3,100,4.17,rain,0,0,41,16.2,98.2,1016.2,78.9,21.1,292.6,25.4,9,30,2022-06-01T04:25:24,2022-06-01T20:16:33,0.02,"Rain, Partially cloudy",Partly cloudy throughout the day with early morning rain.,rain,remote
luhansk,2022-06-02,31.6,17.3,24.2,30.7,17.3,23.9,13.7,55.1,0.1,100,4.17,rain,0,0,33.8,16.2,103.3,1018,25.9,23.7,329.4,28.4,9,60,2022-06-02T04:24:45,2022-06-02T20:17:30,0.04,"Rain, Partially cloudy",Partly cloudy throughout the day with afternoon rain.,rain,remote
luhansk,2022-06-03,30.6,16,23.5,29.3,16,23.1,12.8,54.4,0,0,0,,0,0,21.6,10.1,121.5,1017.8,9,24.1,341.3,29.3,9,30,2022-06-03T04:24:08,2022-06-03T20:18:24,0.07,Clear,Clear conditions throughout the day.,clear-day,remote
luhansk,2022-06-04,28.9,16.4,22.8,29,16.4,22.8,15.5,65.7,0.3,100,8.33,rain,0,0,32,14,16.4,1016.4,23.3,23.4,336.2,28.9,9,60,2022-06-04T04:23:34,2022-06-04T20:19:17,0.11,"Rain, Partially cloudy",Becoming cloudy in the afternoon with afternoon rain.,rain,remote
luhansk,2022-06-05,27.2,17.4,22.5,27.3,17.4,22.5,14.4,62.2,0,0,0,rain,0,0,26.3,13.7,14.9,1012.1,83.7,21.2,276.6,23.9,9,30,2022-06-05T04:23:02,2022-06-05T20:20:08,0.14,Partially cloudy,Partly cloudy throughout the day.,partly-cloudy-day,remote
luhansk,2022-06-06,25.3,15.4,20.6,25.3,15.4,20.6,8.8,48.9,0,0,0,,0,0,35.6,16.6,3.2,1012.8,35.9,24.1,348.9,30,9,10,2022-06-06T04:22:33,2022-06-06T20:20:58,0.19,Partially cloudy,Partly cloudy throughout the day.,partly-cloudy-day,remote
luhansk,2022-06-07,26.6,11.1,20.2,26.6,11.1,20.2,8.3,49.9,0,0,0,,0,0,27,13,14.9,1014.9,16.8,24.1,261.7,22.5,9,10,2022-06-07T04:22:07,2022-06-07T20:21:45,0.24,Clear,Clear conditions throughout the day.,clear-day,remote
luhansk,2022-06-08,27.9,13.2,21.3,26.9,13.2,21.2,8.8,47.5,0,0,0,,0,0,20.5,9.7,30.3,1013.5,15.5,24.1,329.1,28.3,9,10,2022-06-08T04:21:43,2022-06-08T20:22:29,0.29,Clear,Clear conditions throughout the day.,clear-day,remote
luhansk,2022-06-09,27.7,13.5,21.4,26.6,13.5,21.2,7,42.6,0,0,0,,0,0,28.8,13.3,73.5,1012.6,1.3,24.1,354.6,30.7,9,10,2022-06-09T04:21:22,2022-06-09T20:23:12,0.35,Clear,Clear conditions throughout the day.,clear-day,remote
luhansk,2022-06-10,29.8,14.6,22.4,28.1,14.6,22,7.8,42.4,0,0,0,,0,0,22.7,10.4,87.4,1014.2,0.1,24.1,355.4,30.9,9,10,2022-06-10T04:21:04,2022-06-10T20:23:53,0.39,Clear,Clear conditions throughout the day.,clear-day,remote
luhansk,2022-06-11,31.2,11.4,22.9,29.5,11.4,22.3,10.3,50.5,0,0,0,,0,0,11.9,5.4,140.2,1014.1,21.2,24.1,353.9,30.5,9,10,2022-06-11T04:20:48,2022-06-11T20:24:31,0.44,Partially cloudy,Partly cloudy throughout the day.,partly-cloudy-day,remote
luhansk,2022-06-12,31.3,19.1,25.7,29.9,19.1,25.2,12.3,45.6,0.4,100,16.67,rain,0,0,31,14.4,64.3,1009.8,32.4,23.7,311.9,27.1,9,30,2022-06-12T04:20:35,2022-06-12T20:25:07,0.47,"Rain, Partially cloudy",Partly cloudy throughout the day with rain.,rain,remote
luhansk,2022-06-13,30.5,17,24.5,29.1,17,24.1,10.9,44.8,0,0,0,,0,0,23,10.8,91.7,1009.6,7.6,24.1,339.4,29.4,9,10,2022-06-13T04:20:25,2022-06-13T20:25:41,0.49,Clear,Clear conditions throughout the day.,clear-day,remote
luhansk,2022-06-14,31.5,15.1,24,30,15.1,23.6,10.2,43.9,0.1,100,4.17,rain,0,0,33.8,16.6,172.9,1010.3,42.6,24.1,312.5,26.9,9,30,2022-06-14T04:20:17,2022-06-14T20:26:12,0.5,"Rain, Partially cloudy",Becoming cloudy in the afternoon with late afternoon rain.,rain,remote
luhansk,2022-06-15,25.2,16.7,21.1,25.2,16.7,21.1,13.5,63.7,0.1,100,4.17,rain,0,0,35.6,14.8,243.7,1012.6,97.1,23.2,47.1,4,2,10,2022-06-15T04:20:12,2022-06-15T20:26:41,0.51,"Rain, Overcast",Cloudy skies throughout the day with late afternoon rain.,rain,remote
luhansk,2022-06-16,24.6,14.5,19.5,24.6,14.5,19.5,9.2,55.1,0,0,0,rain,0,0,32.4,15.8,306.2,1015.7,59.9,22.9,304.3,26.2,9,10,2022-06-16T04:20:10,2022-06-16T20:27:07,0.53,Partially cloudy,Partly cloudy throughout the day.,partly-cloudy-day,remote
luhansk,2022-06-17,26.7,9.5,19.6,26.7,9.5,19.6,7.6,52,0,0,0,,0,0,20.2,9,269.2,1016.6,31.9,24.1,229.8,19.9,8,10,2022-06-17T04:20:10,2022-06-17T20:27:31,0.57,Partially cloudy,Partly cloudy throughout the day.,partly-cloudy-day,remote
luhansk,2022-06-18,27.3,10.6,20.5,26.5,10.6,20.4,8.6,51.8,0,0,0,,0,0,19.4,9,241.5,1015.2,75.7,24.1,182.3,15.6,6,10,2022-06-18T04:20:13,2022-06-18T20:27:52,0.62,Partially cloudy,Partly cloudy throughout the day.,partly-cloudy-day,remote
luhansk,2022-06-19,29.5,11.8,21.9,28.1,11.8,21.5,10,50.8,0,0,0,,0,0,25.9,11.9,275.4,1016,13.5,24.1,347.7,30,9,10,2022-06-19T04:20:19,2022-06-19T20:28:11,0.67,Clear,Clear conditions throughout the day.,clear-day,remote
luhansk,2022-06-20,31.4,11.9,23.1,30,11.9,22.7,12.1,55.7,0,0,0,,0,0,28.4,13.7,250.6,1013.5,7.7,24.1,350.8,30.1,9,10,2022-06-20T04:20:27,2022-06-20T20:28:27,0.72,Clear,Clear conditions throughout the day.,clear-day,remote
luhansk,2022-06-21,32.4,13.2,24.4,30.9,13.2,23.8,11.8,51,0,0,0,,0,0,28.8,13.3,246.7,1003.7,23.8,24.1,347.5,29.8,9,30,2022-06-21T04:20:38,2022-06-21T20:28:40,0.77,Partially cloudy,Partly cloudy throughout the day.,partly-cloudy-day,remote
luhansk,2022-06-22,27.4,16.4,21,27.5,16.4,21,13.1,61.1,0.4,100,16.67,rain,0,0,55.1,24.1,274.8,998.1,63.4,23.7,248.6,21.5,8,10,2022-06-22T04:20:51,2022-06-22T20:28:51,0.82,"Rain, Partially cloudy",Partly cloudy throughout the day with rain in the morning and afternoon.,rain,remote
luhansk,2022-06-23,23,10.2,18,23,10.2,18,9.6,60.4,0,0,0,rain,0,0,23.8,11.2,220.8,1003.1,57.5,23.6,220.7,19,8,10,2022-06-23T04:21:07,2022-06-23T20:28:59,0.87,Partially cloudy,Partly cloudy throughout the day.,partly-cloudy-day,remote
luhansk,2022-06-24,26,11.8,19.7,26,11.8,19.7,9.6,56.2,0,0,0,,0,0,21.2,9.7,189.6,1007.2,39.6,24.1,216.9,18.6,8,10,2022-06-24T04:21:26,2022-06-24T20:29:05,0.91,Partially cloudy,Partly cloudy throughout the day.,partly-cloudy-day,remote
luhansk,2022-06-25,26.4,10.8,19.7,26.4,10.8,19.7,12.5,65.7,0,0,0,,0,0,29.5,13.3,63.8,1011.8,71.5,23.6,226.8,19.4,9,10,2022-06-25T04:21:47,2022-06-25T20:29:08,0.95,Partially cloudy,Partly cloudy throughout the day.,partly-cloudy-day,remote
luhansk,2022-06-26,30,15.2,23.5,28.9,15.2,23.1,12.4,55,0,0,0,,0,0,45.4,22.7,50.6,1013.1,83.7,24.1,219.7,18.8,8,10,2022-06-26T04:22:11,2022-06-26T20:29:08,0.97,Partially cloudy,Partly cloudy throughout the day.,partly-cloudy-day,remote
luhansk,2022-06-27,31.2,19.3,24.9,29.6,19.3,24.4,9.8,41.4,0,0,0,,0,0,41.4,20.2,62.8,1015.1,39,24.1,345.6,29.8,9,10,2022-06-27T04:22:36,2022-06-27T20:29:05,0.99,Partially cloudy,Partly cloudy throughout the day.,partly-cloudy-day,remote
luhansk,2022-06-28,32.7,15.5,25.4,30.9,15.5,24.7,10.6,42.7,0,0,0,rain,0,0,30.2,15.1,56,1014.2,40.5,23.3,337.1,28.9,9,30,2022-06-28T04:23:05,2022-06-28T20:29:00,1,Partially cloudy,Partly cloudy throughout the day.,partly-cloudy-day,remote
luhansk,2022-06-29,29.9,19.1,24.6,28.9,19.1,24.3,12.4,49.5,0,0,0,,0,0,32.8,15.8,55.4,1015.3,20.6,23.7,341.6,29.5,9,10,2022-06-29T04:23:36,2022-06-29T20:28:52,0,Partially cloudy,Partly cloudy throughout the day.,partly-cloudy-day,remote
luhansk,2022-06-30,27.8,14.5,21.9,26.6,14.5,21.7,6.7,39.9,0,0,0,,0,0,22,10.4,33.9,1015.3,35.9,24.1,300.4,25.9,9,10,2022-06-30T04:24:09,2022-06-30T20:28:41,0.01,Partially cloudy,Partly cloudy throughout the day.,partly-cloudy-day,remote
luhansk,2022-07-01,28.6,12,21.8,27.3,12,21.5,7.6,44.1,0,0,0,,0,0,39.6,19.8,344.2,1013.1,28.9,24.1,349,30.1,9,10,2022-07-01T04:24:44,2022-07-01T20:28:27,0.03,Partially cloudy,Partly cloudy throughout the day.,partly-cloudy-day,remote
luhansk,2022-07-02,24.6,11,18.7,24.6,11,18.7,5.8,44.7,0,0,0,,0,0,57.6,28.4,354.6,1015.9,29.2,24.1,347.4,29.8,9,10,2022-07-02T04:25:21,2022-07-02T20:28:11,0.05,Partially cloudy,Partly cloudy throughout the day.,partly-cloudy-day,remote
luhansk,2022-07-03,27.6,14.2,21.4,26.6,14.2,21.3,7.9,44.4,0,0,0,,0,0,43.6,21.6,332.3,1015.7,26.6,24.1,254.3,21.9,9,10,2022-07-03T04:26:01,2022-07-03T20:27:52,0.08,Partially cloudy,Partly cloudy throughout the day.,partly-cloudy-day,remote
luhansk,2022-07-04,31.5,14.1,23.9,29.7,14.1,23.3,10.7,48.1,0,0,0,,0,0,21.2,9.7,310.6,1014.4,19.9,24.1,339.2,29.3,9,10,2022-07-04T04:26:43,2022-07-04T20:27:30,0.12,Clear,Clear conditions throughout the day.,clear-day,remote
luhansk,2022-07-05,32.1,15.3,24.6,30.6,15.3,24.1,12.3,50.5,0,0,0,,0,0,19.8,8.6,6.8,1014.3,35.5,24.1,245.5,21.3,9,10,2022-07-05T04:27:27,2022-07-05T20:27:06,0.17,Partially cloudy,Partly cloudy throughout the day.,partly-cloudy-day,remote
luhansk,2022-07-06,32.6,14.7,25.1,30.8,14.7,24.4,11.1,46.9,0,0,0,,0,0,22.7,9.4,91.2,1014.8,12.5,23.9,348.8,30.2,9,10,2022-07-06T04:28:13,2022-07-06T20:26:39,0.22,Clear,Clear conditions throughout the day.,clear-day,"remote,34535099999"
luhansk,2022-07-07,32.5,15.4,24.9,30.3,15.4,24.1,7.7,37.4,0,0,0,,0,0,27.4,13,116.7,1014,0,24.1,351.6,30.3,9,10,2022-07-07T04:29:01,2022-07-07T20:26:09,0.27,Clear,Clear conditions throughout the day.,clear-day,remote
luhansk,2022-07-08,32.5,15.6,25.3,30.6,15.6,24.5,8.9,38.2,0,0,0,,0,0,31.7,14.8,102.7,1013,19.2,24.1,347.7,30,9,10,2022-07-08T04:29:51,2022-07-08T20:25:36,0.33,Clear,Clear conditions throughout the day.,clear-day,remote
luhansk,2022-07-09,33.7,18.2,26.6,31.5,18.2,25.7,8.2,33.7,0,0,0,,0,0,35.3,16.9,106.8,1009.3,47.8,24.1,323,27.9,9,10,2022-07-09T04:30:42,2022-07-09T20:25:01,0.38,Partially cloudy,Partly cloudy throughout the day.,partly-cloudy-day,remote
luhansk,2022-07-10,32.8,21.7,27.6,30.7,21.7,26.6,7.7,29.8,0.3,100,12.5,rain,0,0,51.1,22.7,107,1004.3,97.2,24.1,193.9,16.9,7,10,2022-07-10T04:31:36,2022-07-10T20:24:24,0.42,"Rain, Overcast",Cloudy skies throughout the day with afternoon rain.,rain,remote
luhansk,2022-07-11,26.7,19.8,23.4,26.7,19.8,23.4,13.5,57.9,4,100,25,rain,0,0,50.4,24.1,180.3,1004.6,90.3,22.3,157.9,13.6,8,10,2022-07-11T04:32:31,2022-07-11T20:23:44,0.46,"Rain, Overcast",Cloudy skies throughout the day with rain.,rain,remote
luhansk,2022-07-12,28,16.9,22.5,27,16.9,22.3,12.5,57.9,0,0,0,,0,0,32.8,15.1,243.6,1014.4,35.4,24.1,317.5,27.4,9,10,2022-07-12T04:33:28,2022-07-12T20:23:01,0.49,Partially cloudy,Partly cloudy throughout the day.,partly-cloudy-day,remote
luhansk,2022-07-13,29.7,13.7,22.4,28,13.7,21.9,9.9,50.5,0,0,0,,0,0,24.8,11.5,262.2,1014,19.8,24.1,344.2,29.6,9,10,2022-07-13T04:34:26,2022-07-13T20:22:16,0.5,Clear,Clear conditions throughout the day.,clear-day,remote
luhansk,2022-07-14,24.5,14.8,20.2,24.5,14.8,20.2,10.6,55.2,0,0,0,,0,0,47.2,23.8,254.9,1010.2,48.1,24.1,222,19.1,8,10,2022-07-14T04:35:26,2022-07-14T20:21:28,0.51,Partially cloudy,Partly cloudy throughout the day.,partly-cloudy-day,remote
luhansk,2022-07-15,29.7,15,23,28.4,15,22.7,11.5,52.1,0,0,0,,0,0,21.2,9.4,281.3,1013.8,10.8,24.1,341.2,29.4,9,10,2022-07-15T04:36:28,2022-07-15T20:20:38,0.53,Clear,Clear conditions throughout the day.,clear-day,remote
luhansk,2022-07-16,31.7,13.6,24.2,29.8,13.6,23.5,10.3,47.4,0,0,0,,0,0,18.7,9,161.1,1013,31.3,24.1,303.9,26.4,9,10,2022-07-16T04:37:31,2022-07-16T20:19:45,0.55,Partially cloudy,Partly cloudy throughout the day.,partly-cloudy-day,remote
luhansk,2022-07-17,31.6,17.8,24.6,30,17.8,24.2,12.8,52.8,0,0,0,,0,0,27.7,13.3,308.8,1013.2,40.6,24.1,331,28.6,9,10,2022-07-17T04:38:35,2022-07-17T20:18:50,0.6,Partially cloudy,Clearing in the afternoon.,partly-cloudy-day,remote
luhansk,2022-07-18,26.3,16.6,21.3,26.3,16.6,21.3,9.5,49.6,0,0,0,rain,0,0,41.4,20.2,309,1015.1,39.7,24.1,339.2,29.4,9,10,2022-07-18T04:39:41,2022-07-18T20:17:53,0.65,Partially cloudy,Partly cloudy throughout the day.,partly-cloudy-day,remote
luhansk,2022-07-19,27.1,12,20.4,26.7,12,20.3,7.7,47.7,0,0,0,,0,0,27.7,13,304.3,1019.1,14.1,24.1,337.1,29.2,9,10,2022-07-19T04:40:48,2022-07-19T20:16:53,0.7,Clear,Clear conditions throughout the day.,clear-day,remote
luhansk,2022-07-20,28.1,11.5,21.3,27.1,11.5,21.1,9,49.4,0,0,0,,0,0,30.6,15.1,256.6,1014.7,44.8,24.1,253.3,21.9,9,10,2022-07-20T04:41:56,2022-07-20T20:15:52,0.75,Partially cloudy,Partly cloudy throughout the day.,partly-cloudy-day,remote
luhansk,2022-07-21,23.4,15.6,19.1,23.4,15.6,19.1,11.1,61.7,0.3,100,4.17,rain,0,0,41.4,20.9,291.5,1007.6,84.5,24.1,255.4,22,9,10,2022-07-21T04:43:06,2022-07-21T20:14:47,0.8,"Rain, Partially cloudy",Partly cloudy throughout the day with early morning rain.,rain,remote
luhansk,2022-07-22,23.2,15.5,18.8,23.2,15.5,18.8,13.4,72.2,2.5,100,37.5,rain,0,0,36.7,17.6,275.4,1006.8,78.8,21.1,148.7,13,8,10,2022-07-22T04:44:16,2022-07-22T20:13:41,0.85,"Rain, Partially cloudy",Partly cloudy throughout the day with a chance of rain throughout the day.,rain,remote
luhansk,2022-07-23,23.9,15.3,19,23.9,15.3,19,14,74.9,4.1,100,33.33,rain,0,0,33.5,15.8,339.2,1009.6,81.1,23.7,149.1,12.9,7,10,2022-07-23T04:45:28,2022-07-23T20:12:33,0.89,"Rain, Partially cloudy",Partly cloudy throughout the day with a chance of rain throughout the day.,rain,remote
luhansk,2022-07-24,27.9,15.9,21.7,27.7,15.9,21.8,15.4,70.8,0.6,100,4.17,rain,0,0,38.9,18.4,336.4,1010.6,58.7,24.1,281.4,24.6,9,10,2022-07-24T04:46:40,2022-07-24T20:11:22,0.93,"Rain, Partially cloudy",Partly cloudy throughout the day with afternoon rain.,rain,remote
luhansk,2022-07-25,30.6,14.7,23.2,29.7,14.7,23,14.8,63.5,0.1,100,4.17,rain,0,0,46.1,15.1,280.8,1008.5,61.6,23,168.7,14.6,8,10,2022-07-25T04:47:54,2022-07-25T20:10:09,0.96,"Rain, Partially cloudy",Partly cloudy throughout the day with late afternoon rain.,rain,remote
luhansk,2022-07-26,27.9,18.1,21.9,28,18.1,22,16.6,72.9,1.4,100,20.83,rain,0,0,31.3,13.7,216.8,1007.1,73.9,23,235.4,20.4,8,10,2022-07-26T04:49:08,2022-07-26T20:08:55,0.98,"Rain, Partially cloudy",Partly cloudy throughout the day with a chance of rain throughout the day.,rain,remote
luhansk,2022-07-27,29.4,13.8,22.3,28.5,13.8,22.1,14,64.1,0,0,0,,0,0,12.6,5.8,315.1,1009.6,49.9,24.1,220.3,19.1,8,10,2022-07-27T04:50:23,2022-07-27T20:07:38,1,Partially cloudy,Partly cloudy throughout the day.,partly-cloudy-day,remote
luhansk,2022-07-28,32.8,16.2,25.2,31.9,16.2,25,15.3,58.8,0,0,0,,0,0,20.5,9.7,311.5,1012.9,27.4,24.1,242.2,21,8,10,2022-07-28T04:51:39,2022-07-28T20:06:19,1,Partially cloudy,Partly cloudy throughout the day.,partly-cloudy-day,remote
luhansk,2022-07-29,32.4,18.1,25.7,32.1,18.1,25.5,15,54.9,0,0,0,,0,0,29.9,14.8,326,1015.3,42.1,24.1,268.9,23.4,9,10,2022-07-29T04:52:56,2022-07-29T20:04:59,0,Partially cloudy,Becoming cloudy in the afternoon.,partly-cloudy-day,remote
luhansk,2022-07-30,30.7,18,24.4,29.3,18,24.1,11.9,48.1,0,0,0,,0,0,33.8,16.6,13.9,1015.2,57.8,24.1,301.8,25.8,8,10,2022-07-30T04:54:13,2022-07-30T20:03:36,0.01,Partially cloudy,Partly cloudy throughout the day.,partly-cloudy-day,remote
luhansk,2022-07-31,31.7,17.3,24.9,30.4,17.3,24.4,11,43.3,0,0,0,,0,0,31.7,15.5,40.1,1012.6,34.1,24.1,261.6,22.4,9,10,2022-07-31T04:55:31,2022-07-31T20:02:12,0.04,Partially cloudy,Partly cloudy throughout the day.,partly-cloudy-day,remote
luhansk,2022-08-01,34.2,19.3,27.1,32.9,19.3,26.5,12.4,43,0,0,0,,0,0,27,13,61.2,1009.9,52.9,23.7,302.3,25.9,8,10,2022-08-01T04:56:50,2022-08-01T20:00:46,0.07,Partially cloudy,Partly cloudy throughout the day.,partly-cloudy-day,remote
luhansk,2022-08-02,31.6,21,26.3,30.9,21,26.2,14.6,50.1,0.3,100,8.33,rain,0,0,37.1,17.6,156.4,1008.4,95.5,24.1,178.9,15.5,7,30,2022-08-02T04:58:09,2022-08-02T19:59:18,0.1,"Rain, Overcast",Cloudy skies throughout the day with late afternoon rain.,rain,remote
luhansk,2022-08-03,31.3,16.9,23.3,31.5,16.9,23.6,18.5,76.6,4,100,29.17,rain,0,0,31,11.2,149.8,1010.8,67.9,23.7,183.3,15.8,8,10,2022-08-03T04:59:29,2022-08-03T19:57:49,0.14,"Rain, Partially cloudy",Partly cloudy throughout the day with rain.,rain,remote
luhansk,2022-08-04,31.8,18.5,24.8,31.8,18.5,25,18.3,70.6,3.4,100,25,rain,0,0,40,14,110.9,1013.4,65,21.4,233,20.2,8,30,2022-08-04T05:00:49,2022-08-04T19:56:17,0.2,"Rain, Partially cloudy",Partly cloudy throughout the day with rain.,rain,remote
luhansk,2022-08-05,24.6,21.3,22.5,24.6,21.3,22.5,18.1,76.5,3.1,100,33.33,rain,0,0,38.2,19.8,66.4,1014.9,93.4,22.7,108.9,9.5,7,10,2022-08-05T05:02:09,2022-08-05T19:54:45,0.25,"Rain, Overcast",Cloudy skies throughout the day with a chance of rain throughout the day.,rain,remote
luhansk,2022-08-06,33.1,19.4,25.6,31,19.4,25,12.5,50,0,0,0,rain,0,0,32.8,15.8,62.6,1014,27.3,23.9,300.5,26.1,9,10,2022-08-06T05:03:30,2022-08-06T19:53:10,0.31,Partially cloudy,Partly cloudy throughout the day.,partly-cloudy-day,remote
luhansk,2022-08-07,34,19,26.3,31.6,19,25.5,8.5,35.3,0,0,0,,0,0,33.1,16.2,62.9,1013.6,32.3,24.1,306.5,26.5,9,10,2022-08-07T05:04:52,2022-08-07T19:51:34,0.36,Partially cloudy,Partly cloudy throughout the day.,partly-cloudy-day,remote
luhansk,2022-08-08,35.1,18.4,27,32.6,18.4,26,7.5,32.8,0,0,0,,0,0,29.2,13.3,57.3,1015.9,5.7,24.1,304.5,26.3,9,10,2022-08-08T05:06:13,2022-08-08T19:49:57,0.41,Clear,Clear conditions throughout the day.,clear-day,remote
luhansk,2022-08-09,34.8,18.8,27.2,32.4,18.8,26.2,8,32.9,0,0,0,,0,0,27.4,12.6,83,1016.6,0.5,24.1,303.3,26.3,9,10,2022-08-09T05:07:35,2022-08-09T19:48:18,0.45,Clear,Clear conditions throughout the day.,clear-day,remote
luhansk,2022-08-10,35,19.7,27.8,32.7,19.7,26.8,8.9,33.5,0,0,0,,0,0,36,17.3,80.8,1013.5,35.4,24.1,299.8,26.2,8,10,2022-08-10T05:08:58,2022-08-10T19:46:38,0.48,Partially cloudy,Becoming cloudy in the afternoon.,partly-cloudy-day,remote
luhansk,2022-08-11,34.5,23.5,29.1,32.7,23.5,28.2,10.1,31.7,0.1,100,4.17,rain,0,0,38.9,19.4,67,1012,84.9,24.1,274.1,23.6,8,10,2022-08-11T05:10:20,2022-08-11T19:44:57,0.5,"Rain, Partially cloudy",Partly cloudy throughout the day with morning rain.,rain,remote
luhansk,2022-08-12,34.6,24.2,29.2,32.7,24.2,28.2,9.8,31,0,0,0,rain,0,0,49.3,24.1,83.2,1013.8,100,23.8,137.2,11.7,7,10,2022-08-12T05:11:43,2022-08-12T19:43:14,0.5,Overcast,Cloudy skies throughout the day.,cloudy,remote
luhansk,2022-08-13,34.3,23.7,28.8,32.1,23.7,28,10.4,33.2,0,0,0,,0,0,45,22.7,87.7,1013.3,82.1,24.1,140.7,12,5,10,2022-08-13T05:13:06,2022-08-13T19:41:30,0.52,Partially cloudy,Partly cloudy throughout the day.,partly-cloudy-day,remote
luhansk,2022-08-14,34.7,23.4,28.4,32.5,23.4,27.4,8.2,30,0,0,0,,0,0,52.9,26.3,70,1010.8,55.7,24.1,264.1,23,8,10,2022-08-14T05:14:29,2022-08-14T19:39:44,0.54,Partially cloudy,Partly cloudy throughout the day.,partly-cloudy-day,remote
luhansk,2022-08-15,37.1,23,29.8,34.7,23,28.6,7.7,26.4,0,0,0,,0,0,56.2,28.4,85,1008.7,50.9,24.1,252.7,21.7,8,10,2022-08-15T05:15:52,2022-08-15T19:37:58,0.58,Partially cloudy,Partly cloudy throughout the day.,partly-cloudy-day,remote
luhansk,2022-08-16,34.6,24,28.6,32.3,24,27.6,7.7,27.7,0.3,100,8.33,rain,0,0,55.8,25.6,87.5,1010.3,91.9,24.1,152,13.1,7,10,2022-08-16T05:17:15,2022-08-16T19:36:10,0.62,"Rain, Overcast",Cloudy skies throughout the day with rain.,rain,remote
luhansk,2022-08-17,35.3,22.1,28.2,33.9,22.1,27.6,12.3,39.1,0.2,100,8.33,rain,0,0,24.1,10.1,262.5,1007.7,64.6,24.1,278.3,23.9,8,10,2022-08-17T05:18:39,2022-08-17T19:34:21,0.67,"Rain, Partially cloudy",Partly cloudy throughout the day with early morning rain.,rain,remote
luhansk,2022-08-18,33,21.1,26.8,32.5,21.1,26.8,16.3,55.2,0.4,100,16.67,rain,0,0,27.4,13.7,251.2,1007.6,66.4,24.1,203.6,17.6,8,10,2022-08-18T05:20:03,2022-08-18T19:32:31,0.72,"Rain, Partially cloudy",Partly cloudy throughout the day with rain.,rain,remote
luhansk,2022-08-19,31,18.1,24.2,30.9,18.1,24.3,17.8,69.9,0.6,100,20.83,rain,0,0,23.4,11.2,128.8,1010,59.6,22.2,154,13.3,8,10,2022-08-19T05:21:26,2022-08-19T19:30:40,0.77,"Rain, Partially cloudy",Becoming cloudy in the afternoon with rain.,rain,remote
luhansk,2022-08-20,26.7,20,23.3,26.7,20,23.3,11.5,48.6,0.5,100,16.67,rain,0,0,55.8,21.2,90.7,1013.5,85.8,22.7,158.5,13.5,7,10,2022-08-20T05:22:50,2022-08-20T19:28:48,0.82,"Rain, Partially cloudy",Partly cloudy throughout the day with rain in the morning and afternoon.,rain,remote
luhansk,2022-08-21,29.9,19.1,24.6,28,19.1,24.1,5.4,31.1,1.7,100,25,rain,0,0,53.3,23.4,99.2,1013.7,97.7,22.3,219.7,18.9,7,10,2022-08-21T05:24:14,2022-08-21T19:26:55,0.86,"Rain, Overcast",Cloudy skies throughout the day with rain clearing later.,rain,remote
luhansk,2022-08-22,33.2,18.6,26.3,30.8,18.6,25.3,5.1,28,0,0,0,,0,0,60.8,30.6,103.8,1014.5,16,24.1,270.5,23.2,8,10,2022-08-22T05:25:37,2022-08-22T19:25:01,0.9,Clear,Clear conditions throughout the day.,clear-day,remote
luhansk,2022-08-23,33.7,20.7,27.4,31.6,20.7,26.5,7.1,29.2,0,0,0,,0,0,51.1,25.6,88.6,1018.4,0.5,24.1,275.6,23.7,8,10,2022-08-23T05:27:01,2022-08-23T19:23:06,0.94,Clear,Clear conditions throughout the day.,clear-day,remote
luhansk,2022-08-24,32.8,20.6,26.8,30.5,20.6,25.9,5.3,26.7,0,0,0,,0,0,56.2,28.1,90.7,1020,0.1,24.1,278.7,24,8,10,2022-08-24T05:28:25,2022-08-24T19:21:10,0.97,Clear,Clear conditions throughout the day.,clear-day,remote
luhansk,2022-08-25,32.5,20.9,26.9,30.3,20.9,26,5.7,27.4,0,0,0,,0,0,55.4,28.1,91.2,1017.6,37.9,24.1,262.5,22.7,8,10,2022-08-25T05:29:49,2022-08-25T19:19:14,0.99,Partially cloudy,Partly cloudy throughout the day.,partly-cloudy-day,remote
luhansk,2022-08-26,31.3,19.7,26.2,29.3,19.7,25.4,4.1,25.3,0,0,0,,0,0,51.8,25.9,91.4,1014.8,89.9,24.1,187.8,16.1,7,10,2022-08-26T05:31:13,2022-08-26T19:17:17,1,Partially cloudy,Partly cloudy throughout the day.,partly-cloudy-day,remote
luhansk,2022-08-27,32.4,20.8,26.3,30.1,20.8,25.5,3.3,23.5,0.1,100,4.17,rain,0,0,62.6,23.8,98.9,1013,94.8,23.2,199,17.2,7,10,2022-08-27T05:32:37,2022-08-27T19:15:18,0,"Rain, Overcast",Cloudy skies throughout the day with afternoon rain.,rain,remote
luhansk,2022-08-28,35.1,21.6,28,33.2,21.6,27.3,7.6,28.2,0,0,0,,0,0,42.1,20.9,131.1,1012,53.9,24.1,250.5,21.6,8,10,2022-08-28T05:34:01,2022-08-28T19:13:20,0.01,Partially cloudy,Partly cloudy throughout the day.,partly-cloudy-day,remote
luhansk,2022-08-29,32.9,19.2,26.3,31.5,19.2,25.8,10.2,37.1,0.6,100,8.33,rain,0,0,23.8,11.9,348.9,1013.3,47.7,23.3,210.9,18.2,8,30,2022-08-29T05:35:25,2022-08-29T19:11:20,0.02,"Rain, Partially cloudy",Partly cloudy throughout the day with morning rain.,rain,remote
luhansk,2022-08-30,33.2,14.4,24.5,31.4,14.4,23.9,11.6,49.3,0,0,0,,0,0,17.6,8.3,251.3,1015,12.8,24.1,251.5,21.9,8,10,2022-08-30T05:36:48,2022-08-30T19:09:20,0.05,Clear,Clear conditions throughout the day.,clear-day,remote
luhansk,2022-08-31,33.1,16.8,25.3,31.9,16.8,25,13.3,50.5,0,0,0,,0,0,23.4,12.2,329.8,1011.9,30.5,24.1,240.7,20.6,8,10,2022-08-31T05:38:12,2022-08-31T19:07:19,0.09,Partially cloudy,Becoming cloudy in the afternoon.,partly-cloudy-day,remote
luhansk,2022-09-01,24.1,17.7,22,24.1,17.7,22,15.4,66.5,0,0,0,rain,0,0,30.2,13.3,350.7,1010.8,90.3,23.8,147.7,12.8,6,10,2022-09-01T05:39:36,2022-09-01T19:05:18,0.13,Overcast,Cloudy skies throughout the day.,cloudy,remote
luhansk,2022-09-02,23.6,12,17.9,23.6,12,17.9,4.6,44.9,0,0,0,,0,0,33.5,16.2,355.8,1017.5,6.1,24.1,252.9,22,8,10,2022-09-02T05:41:00,2022-09-02T19:03:16,0.18,Clear,Clear conditions throughout the day.,clear-day,remote
luhansk,2022-09-03,23.2,11.3,17.6,23.2,11.3,17.6,2.3,37.3,0.1,100,4.17,rain,0,0,43.6,21.2,63.7,1019.6,66,24.1,243,21.1,8,10,2022-09-03T05:42:24,2022-09-03T19:01:13,0.24,"Rain, Partially cloudy",Partly cloudy throughout the day with late afternoon rain.,rain,remote
luhansk,2022-09-04,17.1,9.6,14.4,17.1,8.8,14.4,5.1,54.9,0.4,100,8.33,rain,0,0,40.7,20.2,26.5,1016.9,79.7,24.1,70.5,5.9,5,10,2022-09-04T05:43:48,2022-09-04T18:59:10,0.29,"Rain, Partially cloudy",Partly cloudy throughout the day with early morning rain.,rain,remote
luhansk,2022-09-05,19,6.1,13,19,6.1,13,4.5,60.7,0,0,0,,0,0,31.7,15.5,312.1,1020.6,45.6,24.1,164.9,14.3,7,10,2022-09-05T05:45:11,2022-09-05T18:57:07,0.35,Partially cloudy,Partly cloudy throughout the day.,partly-cloudy-day,remote
luhansk,2022-09-06,16.9,7.7,12.5,16.9,7.7,12.5,4.3,60.5,0,0,0,,0,0,33.5,16.6,314.6,1019.2,32.8,24.1,211.8,18.2,7,10,2022-09-06T05:46:35,2022-09-06T18:55:03,0.4,Partially cloudy,Partly cloudy throughout the day.,partly-cloudy-day,remote
luhansk,2022-09-07,17.2,5.4,11.5,17.2,5.4,11.5,2.7,58.5,0,0,0,,0,0,26.3,12.6,291.6,1021.3,24.9,24.1,241.1,20.7,8,10,2022-09-07T05:47:59,2022-09-07T18:52:58,0.44,Partially cloudy,Partly cloudy throughout the day.,partly-cloudy-day,remote
luhansk,2022-09-08,19.6,3.8,12.4,19.6,3.8,12.4,1.5,51.8,0,0,0,,0,0,31.7,16.2,250.6,1020.5,44.8,24.1,243.4,20.9,8,10,2022-09-08T05:49:23,2022-09-08T18:50:54,0.47,Partially cloudy,Partly cloudy throughout the day.,partly-cloudy-day,remote
luhansk,2022-09-09,19.8,9.2,14.1,19.8,9.2,14.1,3.4,50.7,0,0,0,,0,0,32,15.8,353.5,1021.6,60.8,24.1,233.1,20.2,7,10,2022-09-09T05:50:47,2022-09-09T18:48:49,0.49,Partially cloudy,Partly cloudy throughout the day.,partly-cloudy-day,remote
luhansk,2022-09-10,18.9,5.2,12,18.9,4.1,11.6,1,49.9,0,0,0,,0,0,30.6,14.8,80.5,1025.1,44,24.1,217.7,18.9,6,10,2022-09-10T05:52:10,2022-09-10T18:46:43,0.5,Partially cloudy,Partly cloudy throughout the day.,partly-cloudy-day,remote
luhansk,2022-09-11,20.8,8.5,14.7,20.8,7.1,14.5,-0.8,35.6,0.2,100,4.17,rain,0,0,45.7,23,102.8,1017.9,80.7,24.1,165.5,14.1,6,10,2022-09-11T05:53:34,2022-09-11T18:44:37,0.51,"Rain, Partially cloudy",Partly cloudy throughout the day with late afternoon rain.,rain,remote
luhansk,2022-09-12,19.9,14.3,16.2,19.9,14.3,16.2,7.6,58.7,0.4,100,8.33,rain,0,0,38.5,19.4,111.5,1009,99.1,22,96.2,8,4,10,2022-09-12T05:54:58,2022-09-12T18:42:31,0.53,"Rain, Overcast",Cloudy skies throughout the day with morning rain.,rain,remote
luhansk,2022-09-13,20.7,12.8,16.3,20.7,12.8,16.3,11.3,74,3.5,100,16.67,rain,0,0,33.1,16.6,248.1,1004.3,87,20.5,141.7,12.3,5,10,2022-09-13T05:56:22,2022-09-13T18:40:25,0.56,"Rain, Partially cloudy",Partly cloudy throughout the day with early morning rain.,rain,remote
luhansk,2022-09-14,17.7,10.4,14,17.7,10.4,14,9.2,74,0,0,0,rain,0,0,41,18.7,242.7,1008.7,86.8,23.9,130.2,11.1,5,10,2022-09-14T05:57:46,2022-09-14T18:38:19,0.6,Partially cloudy,Partly cloudy throughout the day.,partly-cloudy-day,remote
luhansk,2022-09-15,22.9,12.9,16.8,22.9,12.9,16.8,12,74.7,6.9,100,45.83,rain,0,0,43.2,21.6,217.2,1008.7,93.4,21.4,64.7,5.7,5,10,2022-09-15T05:59:10,2022-09-15T18:36:12,0.64,"Rain, Overcast",Cloudy skies throughout the day with rain.,rain,remote
luhansk,2022-09-16,24.1,17.5,19.9,24.1,17.5,19.9,16.8,83.5,7.3,100,41.67,rain,0,0,38.2,17.6,231.4,1003.8,94.8,21,102.7,8.9,5,10,2022-09-16T06:00:34,2022-09-16T18:34:06,0.69,"Rain, Overcast",Cloudy skies throughout the day with rain.,rain,remote
luhansk,2022-09-17,23,15.4,18.8,23,15.4,18.8,13.7,74.2,0,0,0,rain,0,0,23.8,11.5,311.2,1007.1,58.9,24.1,207.6,18,7,10,2022-09-17T06:01:58,2022-09-17T18:31:59,0.74,Partially cloudy,Partly cloudy throughout the day.,partly-cloudy-day,remote
luhansk,2022-09-18,29.4,17.3,22.5,28.6,17.3,22.4,14.2,61.9,0.5,100,16.67,rain,0,0,52.6,24.8,172.5,1002.9,70.7,23,193,16.5,6,10,2022-09-18T06:03:23,2022-09-18T18:29:52,0.78,"Rain, Partially cloudy",Partly cloudy throughout the day with rain.,rain,remote
luhansk,2022-09-19,21.4,10,16.7,21.4,10,16.7,7.8,57.2,0.9,100,4.17,rain,0,0,49,21.6,256.3,1010,43.9,24.1,213.5,18.5,7,10,2022-09-19T06:04:47,2022-09-19T18:27:45,0.83,"Rain, Partially cloudy",Clearing in the afternoon with early morning rain.,rain,remote
luhansk,2022-09-20,22,6.7,14.9,22,6.7,14.9,6.9,63.1,0,0,0,rain,0,0,29.5,14.4,116.5,1014,37.2,24.1,207.4,17.8,7,10,2022-09-20T06:06:11,2022-09-20T18:25:38,0.87,Partially cloudy,Partly cloudy throughout the day.,partly-cloudy-day,remote
luhansk,2022-09-21,21.4,11.4,16.6,21.4,11.4,16.6,8.6,61.3,0.6,100,12.5,rain,0,0,30.6,14.8,240.1,1011.4,63.7,23.3,200.7,17.3,7,10,2022-09-21T06:07:36,2022-09-21T18:23:31,0.91,"Rain, Partially cloudy",Partly cloudy throughout the day with rain clearing later.,rain,remote
luhansk,2022-09-22,18.2,6.3,12.1,18.2,6.3,12.1,5.1,64.9,0,0,0,,0,0,24.8,12.2,331,1012.8,86.4,24.1,121.6,10.6,4,10,2022-09-22T06:09:01,2022-09-22T18:21:24,0.95,Partially cloudy,Partly cloudy throughout the day.,partly-cloudy-day,remote
luhansk,2022-09-23,12.9,8.6,11.3,12.9,7.6,11.2,9.2,86.9,9.3,100,58.33,rain,0,0,41,20.9,299.5,1010,82.2,18.9,17.5,1.4,1,10,2022-09-23T06:10:25,2022-09-23T18:19:18,0.97,"Rain, Partially cloudy",Partly cloudy throughout the day with a chance of rain throughout the day.,rain,remote
luhansk,2022-09-24,15.8,5.7,10.8,15.8,5.7,10.6,6,74.7,0,0,0,,0,0,33.8,16.9,229.1,1012.1,68.2,24.1,123.5,10.8,6,10,2022-09-24T06:11:50,2022-09-24T18:17:11,0.99,Partially cloudy,Partly cloudy throughout the day.,partly-cloudy-day,remote
luhansk,2022-09-25,16.2,7.8,11.5,16.2,5.2,10.6,5.2,67.2,0,0,0,,0,0,58,28.8,256.1,1014.5,62.2,24.1,175.7,15.2,6,10,2022-09-25T06:13:15,2022-09-25T18:15:04,1,Partially cloudy,Partly cloudy throughout the day.,partly-cloudy-day,remote
luhansk,2022-09-26,19.9,9.2,14.3,19.9,8.4,14.1,6.4,61.4,0,0,0,,0,0,31,15.5,221.8,1016.4,81.9,24.1,161.5,14.1,6,10,2022-09-26T06:14:41,2022-09-26T18:12:58,0,Partially cloudy,Partly cloudy throughout the day.,partly-cloudy-day,remote
luhansk,2022-09-27,20.3,12.7,16.1,20.3,12.7,16.1,10.4,69.7,0,0,0,,0,0,27.7,13.7,156.2,1010,97.6,24.1,104.8,9,4,10,2022-09-27T06:16:06,2022-09-27T18:10:52,0.01,Overcast,Cloudy skies throughout the day.,cloudy,remote
luhansk,2022-09-28,19.8,14.7,16.7,19.8,14.7,16.7,13.9,84.4,3.1,100,29.17,rain,0,0,41,20.5,195.9,1003.5,96.8,20.1,62.3,5.5,4,10,2022-09-28T06:17:32,2022-09-28T18:08:45,0.04,"Rain, Overcast",Cloudy skies throughout the day with a chance of rain throughout the day.,rain,remote
luhansk,2022-09-29,21.3,13.7,17.2,21.3,13.7,17.2,14.2,83.6,0.5,100,12.5,rain,0,0,18,8.3,293.2,1010.5,76.2,24.1,150,13,6,10,2022-09-29T06:18:58,2022-09-29T18:06:40,0.07,"Rain, Partially cloudy",Partly cloudy throughout the day with rain clearing later.,rain,remote
luhansk,2022-09-30,23.6,10.5,16.5,23.6,10.5,16.5,13,81.8,0,0,0,,0,0,22.3,11.2,160.1,1017.8,94.1,24.1,161.3,13.8,6,10,2022-09-30T06:20:24,2022-09-30T18:04:34,0.12,Overcast,Cloudy skies throughout the day.,cloudy,remote
luhansk,2022-10-01,24.9,13.2,18.9,24.9,13.2,18.9,14.2,75.5,0.2,100,8.33,rain,0,0,33.1,16.2,190.7,1018.5,75,23.8,150.6,12.9,5,10,2022-10-01T06:21:50,2022-10-01T18:02:29,0.17,"Rain, Partially cloudy",Partly cloudy throughout the day with early morning rain.,rain,remote
luhansk,2022-10-02,25.3,15.4,19.4,25.3,15.4,19.4,14.4,74.6,0,0,0,,0,0,46.8,23.4,171.2,1008.3,98.4,24.1,127.7,11,6,10,2022-10-02T06:23:17,2022-10-02T18:00:24,0.22,Overcast,Cloudy skies throughout the day.,cloudy,remote
luhansk,2022-10-03,17.7,10.3,14.2,17.7,10.3,14.2,8.4,69.2,2.7,100,20.83,rain,0,0,50,25.6,229.2,1006.9,66.6,22.4,100.8,8.6,5,10,2022-10-03T06:24:43,2022-10-03T17:58:20,0.28,"Rain, Partially cloudy",Partly cloudy throughout the day with rain clearing later.,rain,remote
luhansk,2022-10-04,18.1,9.1,13.1,18.1,8.6,13,9,77.6,0,0,0,rain,0,0,32,16.2,186,1014.9,79.6,24.1,47.4,4,4,10,2022-10-04T06:26:10,2022-10-04T17:56:16,0.34,Partially cloudy,Partly cloudy throughout the day.,partly-cloudy-day,remote
luhansk,2022-10-05,16,5.5,11.2,16,5.5,11.2,5.6,70.3,0,0,0,,0,0,40,19.8,243.7,1022,36.3,24.1,150.8,12.9,6,10,2022-10-05T06:27:37,2022-10-05T17:54:12,0.39,Partially cloudy,Becoming cloudy in the afternoon.,partly-cloudy-day,remote
luhansk,2022-10-06,16.6,5.1,10.8,16.6,5.1,10.8,6,74.1,0,0,0,,0,0,32,15.8,262.2,1025.4,31.9,24.1,145.8,12.5,6,10,2022-10-06T06:29:05,2022-10-06T17:52:09,0.43,Partially cloudy,Partly cloudy throughout the day.,partly-cloudy-day,remote
luhansk,2022-10-07,19.8,6.9,12.7,19.8,6.9,12.6,7.7,73.3,0,0,0,,0,0,26.6,13,324.2,1025,13.9,24.1,162.4,13.9,6,10,2022-10-07T06:30:33,2022-10-07T17:50:06,0.47,Clear,Clear conditions throughout the day.,clear-day,remote
luhansk,2022-10-08,20,7.3,13.2,20,7.3,13.2,7.2,69.2,0,0,0,,0,0,32.4,16.9,75.3,1025,6.2,24.1,164.8,14.2,6,10,2022-10-08T06:32:01,2022-10-08T17:48:04,0.49,Clear,Clear conditions throughout the day.,clear-day,remote
luhansk,2022-10-09,19,8.7,13.9,19,7.8,13.8,7.5,66.6,0.2,100,8.33,rain,0,0,36,19.1,90.8,1019.1,63.2,24.1,118.8,10.3,6,10,2022-10-09T06:33:29,2022-10-09T17:46:02,0.5,"Rain, Partially cloudy",Partly cloudy throughout the day with late afternoon rain.,rain,remote
luhansk,2022-10-10,15.3,11.4,12.9,15.3,11.4,12.9,10.2,84.2,3.4,100,37.5,rain,0,0,24.5,12.6,314.4,1013.4,97.9,21.6,8.7,0.6,1,10,2022-10-10T06:34:58,2022-10-10T17:44:01,0.5,"Rain, Overcast",Cloudy skies throughout the day with rain.,rain,remote
luhansk,2022-10-11,11.2,9.5,10.2,11.2,6.8,9.4,8.8,91.1,11.4,100,70.83,rain,0,0,43.2,22,287,1012.9,98.4,20.3,12.4,1.1,1,10,2022-10-11T06:36:27,2022-10-11T17:42:01,0.52,"Rain, Overcast",Cloudy skies throughout the day with a chance of rain throughout the day.,rain,remote
luhansk,2022-10-12,13.2,6.1,9.8,13.2,5.6,8.5,6.2,79.2,0.1,100,4.17,rain,0,0,38.2,19.4,301.2,1020,58.5,24.1,125,10.9,5,10,2022-10-12T06:37:56,2022-10-12T17:40:01,0.54,"Rain, Partially cloudy",Partly cloudy throughout the day with early morning rain.,rain,remote
luhansk,2022-10-13,13.7,1.7,7.5,13.7,1.7,7.5,4.1,80,0,0,0,,0,0,22.7,11.2,288.4,1022.7,53.1,24.1,103.4,9.1,5,10,2022-10-13T06:39:25,2022-10-13T17:38:03,0.57,Partially cloudy,Partly cloudy throughout the day.,partly-cloudy-day,remote
luhansk,2022-10-14,12,4,7.4,12,4,7.2,2,71,0,0,0,rain,0,0,26.3,13.3,356.6,1023.8,31.3,24.1,131.1,11.2,5,10,2022-10-14T06:40:55,2022-10-14T17:36:04,0.61,Partially cloudy,Partly cloudy throughout the day.,partly-cloudy-day,remote
luhansk,2022-10-15,10.3,0.7,5.4,10.3,0.7,4.5,-0.1,69.9,0,0,0,,0,0,29.5,14.4,50.4,1027.2,3.3,24.1,150.8,12.9,6,10,2022-10-15T06:42:25,2022-10-15T17:34:07,0.65,Clear,Clear conditions throughout the day.,clear-day,remote
luhansk,2022-10-16,12,0.8,6,12,0.8,5.2,0.7,71,0,0,0,,0,0,33.8,16.6,74.3,1031.2,14.7,24.1,136.7,11.7,5,10,2022-10-16T06:43:56,2022-10-16T17:32:10,0.7,Clear,Clear conditions throughout the day.,clear-day,remote
luhansk,2022-10-17,13.4,0.3,5.8,13.4,0.3,5.5,0.7,72.2,0,0,0,,0,0,22.3,10.1,84.6,1034.9,3.6,24.1,145,12.5,5,10,2022-10-17T06:45:26,2022-10-17T17:30:15,0.74,Clear,Clear conditions throughout the day.,clear-day,remote
luhansk,2022-10-18,18.1,-0.8,7.8,18.1,-2.6,7.5,0.6,66.6,0,0,0,,0,0,24.8,12.6,218.5,1030.3,34.5,24.1,132.5,11.4,5,10,2022-10-18T06:46:57,2022-10-18T17:28:20,0.79,Partially cloudy,Partly cloudy throughout the day.,partly-cloudy-day,remote
luhansk,2022-10-19,18.7,4.8,10.8,18.7,3.4,10.3,0.9,53.4,0,0,0,,0,0,36,18,214.8,1014.8,54.5,24.1,128.3,11,5,10,2022-10-19T06:48:29,2022-10-19T17:26:26,0.84,Partially cloudy,Partly cloudy throughout the day.,partly-cloudy-day,remote
luhansk,2022-10-20,9.8,6.4,8.5,9.2,3.5,7.5,7,90.6,13.9,100,66.67,rain,0,0,34.9,18,306.6,1007.4,98.8,16,8.5,0.7,0,10,2022-10-20T06:50:00,2022-10-20T17:24:33,0.88,"Rain, Overcast",Cloudy skies throughout the day with a chance of rain throughout the day.,rain,remote
luhansk,2022-10-21,8.5,2.3,5.7,5.4,1.2,2.7,1.4,74.7,12,100,33.33,rain,0,0,54.4,27.4,326.5,1018.3,64.2,20.9,84.1,7.3,3,10,2022-10-21T06:51:32,2022-10-21T17:22:41,0.92,"Rain, Partially cloudy",Partly cloudy throughout the day with rain clearing later.,rain,remote
luhansk,2022-10-22,9.6,-0.1,4.6,9,-0.1,4,0.3,74.6,0,0,0,,0,0,25.6,12.2,238.8,1027,66,23.9,103.1,8.8,4,10,2022-10-22T06:53:04,2022-10-22T17:20:50,0.96,Partially cloudy,Partly cloudy throughout the day.,partly-cloudy-day,"remote,34535099999"
luhansk,2022-10-23,11.4,3.8,7.8,11.4,2.4,6.7,3.8,77.1,5.6,100,25,rain,0,0,34.6,17.6,159,1020.8,88.1,21.4,69.2,6,4,10,2022-10-23T06:54:37,2022-10-23T17:19:01,0.98,"Rain, Partially cloudy",Partly cloudy throughout the day with rain.,rain,remote
luhansk,2022-10-24,10.9,8.8,9.7,10.9,7.4,8.5,8,89.4,3.5,100,41.67,rain,0,0,40,20.2,287,1014.5,94.5,21.2,32,2.8,1,10,2022-10-24T06:56:10,2022-10-24T17:17:12,1,"Rain, Overcast",Cloudy skies throughout the day with rain.,rain,remote
luhansk,2022-10-25,13.1,5.5,9,13.1,5.5,8.9,6.1,82.5,0,0,0,,0,0,17.3,8.6,216.1,1021,68.8,24.1,102.3,8.9,5,10,2022-10-25T06:57:43,2022-10-25T17:15:25,0,Partially cloudy,Partly cloudy throughout the day.,partly-cloudy-day,remote
luhansk,2022-10-26,11.9,8.9,11,11.9,8.5,10.9,9.8,92.6,15,100,62.5,rain,0,0,34.6,17.6,154.9,1017.1,99.4,18.3,4.3,0.2,0,10,2022-10-26T06:59:16,2022-10-26T17:13:39,0.01,"Rain, Overcast",Cloudy skies throughout the day with rain.,rain,remote
luhansk,2022-10-27,11.5,6.6,9.8,11.5,3.8,8.6,7.8,87.7,2,100,33.33,rain,0,0,33.8,17.3,287.6,1017.9,98.9,23.5,14.8,1.2,1,10,2022-10-27T07:00:50,2022-10-27T17:11:54,0.03,"Rain, Overcast",Cloudy skies throughout the day with rain.,rain,"remote,34535099999"
luhansk,2022-10-28,7.7,5.5,6.4,5.7,3.2,4.1,4,85,0.4,100,12.5,rain,0,0,30.2,15.1,324.8,1024.6,98.1,24.1,20.5,1.8,1,10,2022-10-28T07:02:23,2022-10-28T17:10:10,0.06,"Rain, Overcast",Cloudy skies throughout the day with afternoon rain.,rain,remote
luhansk,2022-10-29,11.5,2.6,6.9,11.5,2.6,6.3,4.5,85.3,0,0,0,,0,0,33.5,17.3,216.7,1024.4,79.3,24.1,36.3,3.1,2,10,2022-10-29T07:03:57,2022-10-29T17:08:28,0.1,Partially cloudy,Partly cloudy throughout the day.,partly-cloudy-day,remote
luhansk,2022-10-30,14.4,9.2,11.4,14.4,6.5,10.9,8.6,83.1,4.8,100,37.5,rain,0,0,52.9,23.4,243,1011.7,87.3,22.6,27.8,2.4,2,10,2022-10-30T06:05:31,2022-10-30T16:06:47,0.14,"Rain, Partially cloudy",Partly cloudy throughout the day with rain.,rain,remote
luhansk,2022-10-31,10.1,1.9,6.2,10.1,-2,3,1.1,71,1.6,100,8.33,rain,0,0,47.9,23,298,1009.7,78.4,22.7,46.2,4,3,10,2022-10-31T06:07:06,2022-10-31T16:05:07,0.21,"Rain, Partially cloudy",Partly cloudy throughout the day with morning rain.,rain,remote
luhansk,2022-11-01,5.9,0.6,2.9,2.5,-3.5,-0.6,-1.7,72.2,0,0,0,,0,0,40.3,18.4,294.7,1017.6,46.5,23.2,70.1,6,3,10,2022-11-01T06:08:40,2022-11-01T16:03:30,0.26,Partially cloudy,Partly cloudy throughout the day.,partly-cloudy-day,"remote,34535099999"
luhansk,2022-11-02,7.4,1.7,4.6,5.9,-0.5,2.8,0.1,73.4,0.2,100,8.33,"rain,snow",0,0,24.5,11.5,275.4,1016.4,86,22.9,19.7,1.8,1,10,2022-11-02T06:10:14,2022-11-02T16:01:53,0.32,"Snow, Rain, Partially cloudy",Partly cloudy throughout the day with rain or snow.,rain,"remote,34535099999"
luhansk,2022-11-03,8.8,0.9,4.8,7.4,0.9,4,1.8,81.2,0,0,0,,0,0,25.9,13,293.7,1015.7,68.8,22,47.3,4.1,3,10,2022-11-03T06:11:49,2022-11-03T16:00:18,0.37,Partially cloudy,Partly cloudy throughout the day.,partly-cloudy-day,"remote,34535099999"
luhansk,2022-11-04,6,2.2,3.9,5.9,2,3.5,2.5,90.7,0.4,100,16.67,rain,0,0,15.1,7.6,64.4,1016.8,95.1,23.4,4,0.3,0,10,2022-11-04T06:13:24,2022-11-04T15:58:45,0.42,"Rain, Overcast",Cloudy skies throughout the day with rain clearing later.,rain,remote
luhansk,2022-11-05,5.7,1.1,3.4,4.6,-0.2,2.2,2.2,91.7,1.2,100,37.5,rain,0,0,25.9,11.2,25.1,1021.6,90.5,19.9,25,2.1,1,10,2022-11-05T06:14:58,2022-11-05T15:57:13,0.45,"Rain, Overcast",Cloudy skies throughout the day with a chance of rain throughout the day.,rain,"remote,34535099999"
luhansk,2022-11-06,5.9,0.1,2.7,4.4,0.1,1.9,-0.5,79.7,0,0,0,,0,0,21.2,10.1,79.1,1029.5,65.1,22.7,67.6,5.8,3,10,2022-11-06T06:16:33,2022-11-06T15:55:44,0.48,Partially cloudy,Partly cloudy throughout the day.,partly-cloudy-day,"remote,34535099999"
luhansk,2022-11-07,6.2,0.8,3.2,3.4,-0.4,1.6,-0.3,78.4,0,0,0,,0,0,36,18,114.7,1028.4,73.2,22.7,68,5.9,3,10,2022-11-07T06:18:08,2022-11-07T15:54:15,0.49,Partially cloudy,Partly cloudy throughout the day.,partly-cloudy-day,"remote,34535099999"
luhansk,2022-11-08,7.3,-0.3,3.4,5.4,-0.3,2.7,1,84.7,0,0,0,,0,0,20.9,10.1,97.6,1024.5,38.8,24.1,98.5,8.5,4,10,2022-11-08T06:19:42,2022-11-08T15:52:49,0.5,Partially cloudy,Becoming cloudy in the afternoon.,partly-cloudy-day,remote
luhansk,2022-11-09,8.4,3.6,5.6,8.1,3.6,5.4,3.4,86.2,0,0,0,,0,0,13,7.2,72.6,1026,84.7,22.2,94.1,8.1,4,10,2022-11-09T06:21:16,2022-11-09T15:51:25,0.51,Partially cloudy,Partly cloudy throughout the day.,partly-cloudy-day,"remote,34535099999"
luhansk,2022-11-10,8.8,3.1,6,7.6,2.3,5.5,4.4,89.9,0,0,0,,0,0,21.2,10.8,121.3,1029.5,85.8,21,89.4,7.7,4,10,2022-11-10T06:22:51,2022-11-10T15:50:02,0.53,Partially cloudy,Partly cloudy throughout the day.,partly-cloudy-day,"remote,34535099999"
luhansk,2022-11-11,8.7,2.7,5.8,7.7,2,5.3,4.1,89.3,0,0,0,,0,0,18.4,7.9,135,1030.5,89.3,20.2,89.8,7.8,4,10,2022-11-11T06:24:25,2022-11-11T15:48:42,0.54,Partially cloudy,Partly cloudy throughout the day.,partly-cloudy-day,"remote,34535099999"
luhansk,2022-11-12,9.2,2.9,6.5,7,2.9,4.8,3.9,83.7,0,0,0,,0,0,41.4,21.6,251.2,1028.4,65.5,23.1,50.3,4.4,2,10,2022-11-12T06:25:58,2022-11-12T15:47:23,0.58,Partially cloudy,Partly cloudy throughout the day.,partly-cloudy-day,"remote,34535099999"
luhansk,2022-11-13,13.4,7.5,9.4,13.4,4.1,7.5,5.5,76.9,0,0,0,rain,0,0,61.2,25.6,282.6,1018.9,68.5,23.1,84.8,7.3,4,10,2022-11-13T06:27:32,2022-11-13T15:46:06,0.62,Partially cloudy,Partly cloudy throughout the day.,partly-cloudy-day,"remote,34535099999"
luhansk,2022-11-14,7.5,2.4,5.2,4.2,0.1,2.3,-1.6,62.2,0,0,0,,0,0,43.2,20.9,314.6,1022.2,48.2,22.7,49.9,4.2,3,10,2022-11-14T06:29:05,2022-11-14T15:44:52,0.66,Partially cloudy,Becoming cloudy in the afternoon.,partly-cloudy-day,"remote,34535099999"
luhansk,2022-11-15,3.7,-3.9,-0.3,3.7,-7.1,-1.3,-6.9,62.4,0,0,0,,0,0,21.6,10.8,307.3,1024.1,13.3,22.7,88.2,7.7,4,10,2022-11-15T06:30:37,2022-11-15T15:43:40,0.7,Clear,Clear conditions throughout the day.,clear-day,"remote,34535099999"
luhansk,2022-11-16,4.9,-4.8,1.2,4.3,-8.1,-0.4,-2,79.4,0.4,100,12.5,rain,0,0,24.1,11.5,149.8,1012.9,83.9,22.7,45.8,3.9,3,10,2022-11-16T06:32:10,2022-11-16T15:42:29,0.75,"Rain, Partially cloudy",Partly cloudy throughout the day with late afternoon rain.,rain,"remote,34535099999"
luhansk,2022-11-17,10.4,3.7,6.5,10.4,1.5,5.1,5.1,90.4,6.8,100,58.33,rain,0,0,34.2,17.3,164.1,1003,98.2,17.4,14.9,1.3,1,10,2022-11-17T06:33:41,2022-11-17T15:41:22,0.8,"Rain, Overcast",Cloudy skies throughout the day with rain.,rain,"remote,34535099999"
luhansk,2022-11-18,11.6,0.7,4.5,11.6,-3,2.3,2.3,85.9,4.2,100,29.17,rain,0,0,54,25.2,255,1005.2,99.1,19.9,47.4,4,3,10,2022-11-18T06:35:12,2022-11-18T15:40:16,0.85,"Rain, Overcast",Cloudy skies throughout the day with rain clearing later.,rain,"remote,34535099999"
luhansk,2022-11-19,13.2,0.3,5.2,13.2,-3.5,2.3,4.1,92.3,7.1,100,33.33,"rain,snow",0,0,43.2,25.2,129.3,1013.9,96.6,19.5,11.9,0.9,1,10,2022-11-19T06:36:43,2022-11-19T15:39:13,0.89,"Snow, Rain, Overcast",Cloudy skies throughout the day with a chance of rain or snow throughout the day.,rain,"remote,34535099999"
luhansk,2022-11-20,6.4,0.7,3.1,3,-1.6,0.5,1.5,89.3,6.3,100,37.5,rain,0,0,36,18,59.9,1020.8,96.6,21.9,25.5,2.3,2,10,2022-11-20T06:38:12,2022-11-20T15:38:12,0.93,"Rain, Overcast",Cloudy skies throughout the day with rain.,rain,"remote,34535099999"
luhansk,2022-11-21,16.7,5.4,10.9,16.7,4.2,10.6,9.1,89.5,1.8,100,25,rain,0,0,32.8,16.6,171.5,1012.4,98.4,22.4,39,3.3,2,10,2022-11-21T06:39:41,2022-11-21T15:37:13,0.97,"Rain, Overcast",Cloudy skies throughout the day with rain.,rain,"remote,34535099999"
luhansk,2022-11-22,12.7,10.7,11.6,12.7,10.7,11.6,10.3,91.4,11,100,70.83,rain,0,0,46.8,21.6,145.6,1007.6,99.5,19.1,15.7,1.2,1,10,2022-11-22T06:41:09,2022-11-22T15:36:17,0.99,"Rain, Overcast",Cloudy skies throughout the day with a chance of rain throughout the day.,rain,"remote,34535099999"
luhansk,2022-11-23,5.9,-0.5,2.1,1.2,-4.9,-1.7,-1,80.3,1.8,100,12.5,"rain,snow",0.1,0,61.9,30.2,264.5,1013.3,70.8,19.9,70.2,6.1,3,10,2022-11-23T06:42:37,2022-11-23T15:35:23,1,"Snow, Rain, Partially cloudy",Partly cloudy throughout the day with early morning snow or rain.,snow,"remote,34535099999"
luhansk,2022-11-24,3.9,-1.5,1.3,0.6,-2.4,-1,-0.2,90.1,0,0,0,,0,0,31.3,16.2,93,1016.5,88.9,22.7,50.5,4.3,2,10,2022-11-24T06:44:03,2022-11-24T15:34:32,0,Partially cloudy,Partly cloudy throughout the day.,partly-cloudy-day,"remote,34535099999"
luhansk,2022-11-25,5,1.7,3.3,1.3,-2.6,-0.8,2,91.2,0,0,0,,0,0,43.2,21.6,95.9,1016.4,100,22.4,32.9,2.8,2,10,2022-11-25T06:45:28,2022-11-25T15:33:44,0.02,Overcast,Cloudy skies throughout the day.,cloudy,"remote,34535099999"
luhansk,2022-11-26,3.5,2.2,2.9,0.1,-2.2,-1,2,94.1,0.7,100,25,rain,0,0,39.2,21.6,84.2,1020.9,100,20,10.6,0.9,1,10,2022-11-26T06:46:52,2022-11-26T15:32:58,0.04,"Rain, Overcast",Cloudy skies throughout the day with rain.,rain,"remote,34535099999"
luhansk,2022-11-27,2.9,0.1,1.8,0.6,-3.5,-1.4,0.8,93.2,0.5,100,20.83,"rain,snow",0,0,26.3,18,83.8,1025.8,100,19.2,3.6,0.3,0,10,2022-11-27T06:48:15,2022-11-27T15:32:15,0.08,"Snow, Rain, Overcast",Cloudy skies throughout the day with a chance of rain or snow throughout the day.,rain,"remote,34535099999"
luhansk,2022-11-28,0.6,-2.8,-0.7,-3,-7.4,-5,-2.7,86.1,0,0,0,,0,0,34.9,17.6,85.7,1031.6,94.6,21.5,61.3,5.2,3,10,2022-11-28T06:49:37,2022-11-28T15:31:35,0.13,Overcast,Cloudy skies throughout the day.,cloudy,"remote,34535099999"
luhansk,2022-11-29,-0.9,-5.3,-3.2,-6.3,-11.6,-8.7,-7,75.2,0,0,0,,0,0,43.2,25.2,88.4,1034.8,34.2,23.1,62.4,5.5,3,10,2022-11-29T06:50:57,2022-11-29T15:30:57,0.19,Partially cloudy,Partly cloudy throughout the day.,partly-cloudy-day,"remote,34535099999"
luhansk,2022-11-30,1.4,-6.3,-3.5,-4.6,-12.9,-9.5,-10.1,61.8,0,0,0,,0,0,54,28.8,94.1,1035.6,70.5,22.7,49.2,4.1,2,10,2022-11-30T06:52:16,2022-11-30T15:30:22,0.24,Partially cloudy,Partly cloudy throughout the day.,partly-cloudy-day,"remote,34535099999"
luhansk,2022-12-01,1.4,-7.1,-3.7,-4.2,-13.2,-9.9,-12.6,51.7,0,0,0,,0,0,46.8,25.2,94,1035.8,65.1,22.7,69.9,5.9,3,10,2022-12-01T06:53:33,2022-12-01T15:29:50,0.3,Partially cloudy,Partly cloudy throughout the day.,partly-cloudy-day,"remote,34535099999"
luhansk,2022-12-02,0.2,-6.6,-4.1,-5.3,-13.9,-10.6,-9.8,65.5,0,0,0,,0,0,50.4,28.8,92.3,1034.8,78.5,22.7,44.8,3.8,2,10,2022-12-02T06:54:49,2022-12-02T15:29:21,0.35,Partially cloudy,Partly cloudy throughout the day.,partly-cloudy-day,"remote,34535099999"
luhansk,2022-12-03,-4.5,-8.1,-6.1,-11.5,-15.2,-13.2,-9.5,76.9,0,0,0,,0,0,57.2,27,88.4,1039.9,72.8,23.1,56.2,4.9,3,10,2022-12-03T06:56:03,2022-12-03T15:28:54,0.4,Partially cloudy,Partly cloudy throughout the day.,partly-cloudy-day,"remote,34535099999"
luhansk,2022-12-04,-5.3,-11.5,-9.1,-12.8,-19.2,-16.4,-14.4,66.1,0,0,0,,0,0,54,28.8,88.7,1045,2.6,22.7,69.1,5.9,3,10,2022-12-04T06:57:15,2022-12-04T15:28:31,0.44,Clear,Clear conditions throughout the day.,clear-day,"remote,34535099999"
luhansk,2022-12-05,-3.8,-12,-9.1,-10.3,-19.9,-15.5,-14.5,65.5,0,0,0,,0,0,36,21.6,92.1,1042,0,22.9,68.8,5.8,3,10,2022-12-05T06:58:26,2022-12-05T15:28:10,0.47,Clear,Clear conditions throughout the day.,clear-day,"remote,34535099999"
luhansk,2022-12-06,-2.6,-12.8,-8.2,-8.8,-16,-13.7,-12.9,70,0,0,0,,0,0,36,21.6,98.5,1035.5,6.1,22.9,67.3,5.7,3,10,2022-12-06T06:59:35,2022-12-06T15:27:52,0.49,Clear,Clear conditions throughout the day.,clear-day,"remote,34535099999"
luhansk,2022-12-07,-4.3,-11.2,-7.6,-10.4,-19.2,-14.9,-11.6,74,0.1,100,4.17,snow,0.1,0,50.4,28.8,108.9,1029.4,68.2,22.7,64.5,5.7,3,10,2022-12-07T07:00:42,2022-12-07T15:27:38,0.5,"Snow, Partially cloudy",Partly cloudy throughout the day with late afternoon snow.,snow,"remote,34535099999"
luhansk,2022-12-08,0.7,-5.9,-2.6,-4.7,-12.8,-8.5,-5.4,81.1,0.5,100,20.83,"rain,snow",1.6,1.3,50.4,36,125.4,1026.6,97.1,13.9,15.4,1.2,1,10,2022-12-08T07:01:47,2022-12-08T15:27:26,0.5,"Snow, Rain, Overcast",Cloudy skies throughout the day with rain or snow.,snow,"remote,34535099999"
luhansk,2022-12-09,3.9,-1.8,0.6,-1,-7.8,-4.2,-2.1,82.5,0.2,100,8.33,"rain,freezingrain,snow",0,2.5,57.6,32.4,132.8,1023.9,93.7,22.7,45.8,4.1,2,10,2022-12-09T07:02:49,2022-12-09T15:27:17,0.51,"Snow, Rain, Freezing Drizzle/Freezing Rain, Overcast",Cloudy skies throughout the day with rain or snow.,rain,"remote,34535099999"
luhansk,2022-12-10,5.2,1.1,2.6,2,-5.3,-1.7,0.7,87.3,0.1,100,4.17,"rain,snow",0,0.1,46.8,32.4,135.2,1019.6,89.1,22.7,36.3,3.1,2,10,2022-12-10T07:03:50,2022-12-10T15:27:12,0.53,"Snow, Rain, Partially cloudy",Partly cloudy throughout the day with morning rain or snow.,rain,"remote,34535099999"
luhansk,2022-12-11,7.9,3,4.6,3.9,-1.6,0.4,2.1,84.1,2,100,25,rain,0,0,57.6,32.4,134.7,1015.9,72.7,22.6,47.2,4.1,3,10,2022-12-11T07:04:48,2022-12-11T15:27:09,0.55,"Rain, Partially cloudy",Partly cloudy throughout the day with rain clearing later.,rain,"remote,34535099999"
luhansk,2022-12-12,5.9,2.7,4.3,1.6,-1.9,-0.5,1.7,83.6,6.8,100,37.5,rain,0,0,72,50.4,132.3,1012.6,99.1,21.7,29.8,2.5,2,10,2022-12-12T07:05:45,2022-12-12T15:27:10,0.59,"Rain, Overcast",Cloudy skies throughout the day with rain.,rain,"remote,34535099999"
luhansk,2022-12-13,4.7,0.9,2.9,0.2,-5.9,-2.2,1,87.6,13,100,50,rain,0,0,61.2,36,134.1,1010,99.5,15.8,5.1,0.3,0,10,2022-12-13T07:06:38,2022-12-13T15:27:13,0.62,"Rain, Overcast",Cloudy skies throughout the day with rain.,rain,"remote,34535099999"
luhansk,2022-12-14,3.4,-5.4,-0.2,0.5,-5.4,-3.2,-4.1,75.3,0.1,100,4.17,rain,0,0,45.4,20.5,253.4,1018.2,70.9,22.7,21.9,1.8,1,10,2022-12-14T07:07:30,2022-12-14T15:27:19,0.67,"Rain, Partially cloudy",Partly cloudy throughout the day with early morning rain.,rain,"remote,34535099999"
luhansk,2022-12-15,0.9,-4.9,-2.4,-3.5,-7.6,-5.6,-5.2,81.6,0,0,0,rain,0,0,36,25.2,107.8,1024.6,85.6,23.2,46,4,3,10,2022-12-15T07:08:19,2022-12-15T15:27:29,0.71,Partially cloudy,Partly cloudy throughout the day.,partly-cloudy-day,"remote,34535099999"
luhansk,2022-12-16,1.1,-0.9,0.3,-0.9,-5.5,-2.7,-0.3,95.8,1.7,100,20.83,rain,0.3,0.3,32,18,107.1,1022.8,99.6,17.7,8.8,0.7,1,10,2022-12-16T07:09:05,2022-12-16T15:27:41,0.76,"Rain, Overcast",Cloudy skies throughout the day with early morning snow or rain.,snow,"remote,34535099999"
luhansk,2022-12-17,7.7,0.4,5,4.9,-2,2.3,4.4,96.1,2,100,33.33,rain,0,0,39.6,25.2,152.4,1022,96,13.3,15.9,1.4,1,10,2022-12-17T07:09:49,2022-12-17T15:27:57,0.81,"Rain, Overcast",Cloudy skies throughout the day with rain in the morning and afternoon.,rain,"remote,34535099999"
luhansk,2022-12-18,9.4,-0.4,5.6,7.7,-5.5,2.5,3.8,88.6,1.2,100,12.5,rain,0,0,36,18.7,252,1020.8,98.6,20.7,13.5,1.1,1,10,2022-12-18T07:10:30,2022-12-18T15:28:15,0.86,"Rain, Overcast",Cloudy skies throughout the day with rain clearing later.,rain,"remote,34535099999"
luhansk,2022-12-19,-0.3,-4.1,-2.2,-4.7,-9.4,-7,-6.1,75.2,0,0,0,,0,0,38.5,19.8,312.3,1033.1,59.2,23.1,53.1,4.6,3,10,2022-12-19T07:11:09,2022-12-19T15:28:37,0.91,Partially cloudy,Partly cloudy throughout the day.,partly-cloudy-day,"remote,34535099999"
luhansk,2022-12-20,0.2,-5.9,-3.8,-0.2,-10.3,-6.3,-7,79.2,0,0,0,,0,0,17.3,14.4,268.5,1035.4,31.3,22.7,63.2,5.4,3,10,2022-12-20T07:11:45,2022-12-20T15:29:01,0.95,Partially cloudy,Partly cloudy throughout the day.,partly-cloudy-day,"remote,34535099999"
luhansk,2022-12-21,3.4,-3.3,0.3,1,-6.9,-2,-5.5,67,0.4,100,12.5,"rain,snow",0,0.1,20.2,14.4,212,1025.2,96.5,21.9,31.9,2.7,2,10,2022-12-21T07:12:18,2022-12-21T15:29:28,0.98,"Snow, Rain, Overcast",Cloudy skies throughout the day with rain or snow.,rain,"remote,34535099999"
luhansk,2022-12-22,5.6,-1.3,1.6,3.2,-1.8,0,-0.7,85.3,0,0,0,,0,0,20.2,10.8,194.8,1022.6,78.9,22.7,48.9,4.1,3,10,2022-12-22T07:12:48,2022-12-22T15:29:59,1,Partially cloudy,Partly cloudy throughout the day.,partly-cloudy-day,"remote,34535099999"
luhansk,2022-12-23,3.9,-1.9,0.1,1.7,-6.7,-2.3,-1.3,91,0,0,0,,0,0,16.6,18,138.2,1019.7,86,20,40,3.4,2,10,2022-12-23T07:13:15,2022-12-23T15:30:32,0,Partially cloudy,Partly cloudy throughout the day.,partly-cloudy-day,"remote,34535099999"
luhansk,2022-12-24,2.9,-1.4,0.8,2.4,-4.1,-2,0,94.1,0,0,0,,0,0,19.8,18,139.2,1017.8,91.6,22.3,47.4,4,2,10,2022-12-24T07:13:40,2022-12-24T15:31:08,0.01,Overcast,Cloudy skies throughout the day.,cloudy,"remote,34535099999"
luhansk,2022-12-25,3.4,-0.2,1.4,0.6,-2.7,-0.5,0.8,95.8,0,0,0,,0,0,15.8,14.4,121.2,1020.3,99.6,20.2,34,2.9,2,10,2022-12-25T07:14:02,2022-12-25T15:31:46,0.03,Overcast,Cloudy skies throughout the day.,cloudy,"remote,34535099999"
luhansk,2022-12-26,1.7,-0.3,0.9,0.5,-3.9,-1.2,0.6,97.9,6.6,100,58.33,"rain,snow",1.2,0.4,22,10.8,99.9,1024.5,99.4,16.1,3.3,0.1,0,10,2022-12-26T07:14:20,2022-12-26T15:32:28,0.07,"Snow, Rain, Overcast",Cloudy skies throughout the day with rain or snow.,snow,"remote,34535099999"
luhansk,2022-12-27,2.5,-0.3,1,0.9,-3.9,-1.2,0.6,97.2,3.3,100,37.5,"rain,snow",0,1.6,28.1,14.4,144,1021.9,99.9,7.6,31.4,2.7,2,10,2022-12-27T07:14:36,2022-12-27T15:33:12,0.11,"Snow, Rain, Overcast",Cloudy skies throughout the day with rain or snow.,rain,"remote,34535099999"
luhansk,2022-12-28,5.7,0.9,2.9,4.1,-3.6,-0.8,0.6,85.5,4.8,100,45.83,"rain,snow",0,0.3,48.6,24.8,273,1016.3,88.1,20,16.8,1.4,1,10,2022-12-28T07:14:49,2022-12-28T15:33:59,0.16,"Snow, Rain, Partially cloudy",Partly cloudy throughout the day with a chance of rain or snow throughout the day.,rain,"remote,34535099999"
luhansk,2022-12-29,2.7,-0.6,1,-0.3,-3.9,-2.4,-2.3,78.7,0,0,0,,0,0,30.2,15.1,242.6,1027.1,78.9,22.7,37.4,3.3,2,10,2022-12-29T07:14:59,2022-12-29T15:34:48,0.22,Partially cloudy,Partly cloudy throughout the day.,partly-cloudy-day,"remote,34535099999"
luhansk,2022-12-30,7.2,0.7,3.8,5.5,-3.7,0.8,0.5,79.2,0,0,0,,0,0,36,18,214.2,1025.5,82.5,22.7,52.5,4.5,3,10,2022-12-30T07:15:06,2022-12-30T15:35:40,0.27,Partially cloudy,Partly cloudy throughout the day.,partly-cloudy-day,"remote,34535099999"
luhansk,2022-12-31,8.4,1.8,5.1,6.5,-0.7,2.3,2.7,84.8,0,0,0,,0,0,39.6,21.6,255.6,1024.8,78.7,22.7,59.5,5,3,10,2022-12-31T07:15:10,2022-12-31T15:36:34,0.33,Partially cloudy,Partly cloudy throughout the day.,partly-cloudy-day,"remote,34535099999"
luhansk,2023-01-01,8.4,0.2,5,6,-2.3,2.1,2.5,84.1,1.6,100,20.83,rain,0,0,43.2,25.2,229.8,1024.4,93.4,22.9,19.8,1.7,1,10,2023-01-01T07:15:11,2023-01-01T15:37:31,0.37,"Rain, Overcast",Cloudy skies throughout the day with rain in the morning and afternoon.,rain,"remote,34535099999"
luhansk,2023-01-02,11.4,5.9,8.3,11.4,3.9,6.4,5.4,82.5,0,0,0,,0,0,46.8,21.6,262.2,1023.1,73.3,22.9,53,4.6,3,10,2023-01-02T07:15:09,2023-01-02T15:38:31,0.41,Partially cloudy,Partly cloudy throughout the day.,partly-cloudy-day,"remote,34535099999"
luhansk,2023-01-03,10.9,3.1,6.7,10.9,1.6,4.9,3.5,80.9,0,0,0,,0,0,46.8,21.6,234.6,1021,67.2,22.3,56.7,4.8,3,10,2023-01-03T07:15:04,2023-01-03T15:39:32,0.45,Partially cloudy,Partly cloudy throughout the day.,partly-cloudy-day,"remote,34535099999"
luhansk,2023-01-04,6.9,1.7,4.6,4.5,-2,1.2,0.2,73.9,0,0,0,snow,0,0,43.2,19.1,284.8,1018,85.8,22.7,16.6,1.4,1,10,2023-01-04T07:14:56,2023-01-04T15:40:36,0.47,Partially cloudy,Partly cloudy throughout the day.,partly-cloudy-day,"remote,34535099999"
luhansk,2023-01-05,5.1,-0.7,2.1,1,-3.7,-1.6,-2.1,74.2,3,100,29.17,"rain,snow",0.1,0,49,24.5,224.9,1013.4,86.6,18.6,35.1,3.1,2,10,2023-01-05T07:14:45,2023-01-05T15:41:42,0.49,"Snow, Rain, Partially cloudy",Partly cloudy throughout the day with rain or snow.,snow,"remote,34535099999"
luhansk,2023-01-06,6.9,-11.1,1.8,4.1,-18.9,-2.5,-0.1,87.4,4.9,100,62.5,"rain,snow",1.2,0.3,50.4,21.6,298.5,1006.3,96.9,14.3,10.4,0.9,1,10,2023-01-06T07:14:31,2023-01-06T15:42:50,0.5,"Snow, Rain, Overcast",Cloudy skies throughout the day with a chance of rain or snow throughout the day.,snow,"remote,34535099999"
luhansk,2023-01-07,-10.8,-16.6,-13.7,-16.9,-24.5,-20.6,-18.1,70.1,0,0,0,,0,1.5,43.2,19.4,336.6,1026.6,39.1,22.7,69.9,6,3,10,2023-01-07T07:14:15,2023-01-07T15:44:00,0.5,Partially cloudy,Partly cloudy throughout the day.,partly-cloudy-day,"remote,34535099999"
luhansk,2023-01-08,-12.1,-18.4,-15.2,-12.5,-23.9,-18,-18.8,74.1,0,0,0,,0,1.8,17.3,9,351.4,1034.9,31.8,21.9,70.9,6,3,10,2023-01-08T07:13:55,2023-01-08T15:45:12,0.52,Partially cloudy,Clearing in the afternoon.,partly-cloudy-day,"remote,34535099999"
luhansk,2023-01-09,-9.6,-19.1,-13.9,-15.5,-21.1,-17.7,-17.3,75.9,0,0,0,,0,1.7,31.3,15.5,114.9,1037.3,20.2,22.3,71.7,6.3,3,10,2023-01-09T07:13:32,2023-01-09T15:46:26,0.53,Partially cloudy,Partly cloudy throughout the day.,partly-cloudy-day,"remote,34535099999"
luhansk,2023-01-10,-11.9,-18,-14.2,-21,-28.4,-23.6,-18.3,71.4,0,0,0,,0,1.6,54,28.8,104.2,1040.8,39,22.9,54.9,4.8,3,10,2023-01-10T07:13:07,2023-01-10T15:47:41,0.55,Partially cloudy,Partly cloudy throughout the day.,partly-cloudy-day,"remote,34535099999"
luhansk,2023-01-11,-10.9,-17.8,-14,-19.3,-29.1,-23.4,-18.1,71.6,0,0,0,,0,1.5,50.4,28.8,105.9,1041.2,24.8,22.7,72.3,6.3,3,10,2023-01-11T07:12:38,2023-01-11T15:48:59,0.59,Partially cloudy,Partly cloudy throughout the day.,partly-cloudy-day,"remote,34535099999"
luhansk,2023-01-12,-3.6,-12.5,-7.9,-10.6,-20.6,-15.4,-9.8,86.2,0,0,0,snow,0,1.3,50.4,28.8,106.6,1033.6,91.2,12.6,54.9,4.7,3,10,2023-01-12T07:12:07,2023-01-12T15:50:18,0.63,Overcast,Cloudy skies throughout the day.,cloudy,"remote,34535099999"
luhansk,2023-01-13,-2.3,-5.8,-3.9,-2.7,-11.8,-8.3,-5,91,0.3,100,12.5,snow,0.1,1.5,46.8,25.2,102.7,1028.4,99,15.1,37.5,3.1,2,10,2023-01-13T07:11:33,2023-01-13T15:51:38,0.68,"Snow, Overcast",Cloudy skies throughout the day with snow.,snow,"remote,34535099999"
luhansk,2023-01-14,-1.6,-4.3,-3.3,-1.6,-11,-5.4,-5.2,86.6,0.3,100,12.5,snow,0.1,2.1,46.8,28.8,103.2,1027,100,16.2,35.4,3,2,10,2023-01-14T07:10:57,2023-01-14T15:53:01,0.72,"Snow, Overcast",Cloudy skies throughout the day with snow.,snow,"remote,34535099999"
luhansk,2023-01-15,-0.6,-4.3,-2.8,-1.5,-10.4,-4.5,-4.4,90.6,1.1,100,33.33,snow,0.8,2.6,36.7,20.9,102.4,1024.3,98.9,6.7,43.5,3.8,2,10,2023-01-15T07:10:17,2023-01-15T15:54:24,0.78,"Snow, Overcast",Cloudy skies throughout the day with a chance of snow throughout the day.,snow,"remote,34535099999"
